PaperId,Rank,Doi,DocType,OriginalTitle,BookTitle,Year,Date,OnlineDate,Publisher,JournalId,ConferenceSeriesId,ConferenceInstanceId,Volume,Issue,FirstPage,LastPage,ReferenceCount,CitationCount,EstimatedCitation,OriginalVenue,FamilyId,FamilyRank,DocSubTypes,CreatedDate,IsBiobank,Country,Region,Hindex,PI,CitationPI,CitationPI2,Lead,LeadCitationCount,LeadGender,AffiliationRank,TeamSize,FemalePropotion
2082704080,15634,10.1371/JOURNAL.PMED.1001779,Journal,UK biobank: an open access resource for identifying the causes of a wide range of complex diseases of middle and old age,,2015,3/31/15,10/1/15,Public Library of Science,197939330.0,,,12.0,3.0,,,17,3052,3376,PLOS Medicine,,,,6/24/16,1.0,,,64.0,2310088659.0,10174179.0,158936,2310088659.0,10174179.0,male,9413.0,19,0.33333333333333337
2143509157,16771,10.1093/IJE/DYS066,Journal,Cohort Profile: The Avon Longitudinal Study of Parents and Children: ALSPAC mothers cohort,,2013,2/1/13,10/1/15,Oxford University Press,13389975.0,,,42.0,1.0,97,110,72,1267,1539,International Journal of Epidemiology,,,,6/24/16,1.0,GBR,Europe & Central Asia,53.0,2082266408.0,24.0,2,2082266408.0,24.0,female,6352.0,13,0.5
2140882931,18023,10.1093/OXFORDJOURNALS.AJE.A010213,Journal,A Multiethnic Cohort in Hawaii and Los Angeles: Baseline Characteristics,,2000,2/15/00,,Oxford University Press,170967050.0,,,151.0,4.0,346,357,52,775,902,American Journal of Epidemiology,,,,6/24/16,1.0,USA,North America,23.0,107237105.0,345656.0,3165,107237105.0,345656.0,,7422.0,10,0.4285714285714286
2131014997,17349,10.1093/IJE/DYP394,Journal,Cohort Profile: The Study of Health in Pomerania,,2011,4/1/11,2/18/10,Oxford University Press,13389975.0,,,40.0,2.0,294,307,102,726,976,International Journal of Epidemiology,,,,6/24/16,1.0,DEU,Europe & Central Asia,43.0,1999052458.0,1838702.0,49997,1999052458.0,1838702.0,male,9248.0,66,0.21818181818181814
2160272053,17257,10.1093/IJE/DYU067,Journal,Cohort Profile: the Health and Retirement Study (HRS).,,2014,4/1/14,3/25/14,Oxford University Press,13389975.0,,,43.0,2.0,576,585,35,653,834,International Journal of Epidemiology,,,,6/24/16,1.0,USA,North America,26.0,1968518058.0,466572.0,9658,1968518058.0,466572.0,female,5119.0,6,0.5
2135255861,17287,10.1093/IJE/DYS095,Journal,"Cohort Profile: The HUNT Study, Norway",,2013,8/1/13,8/9/12,Oxford University Press,13389975.0,,,42.0,4.0,968,977,41,648,757,International Journal of Epidemiology,,,,6/24/16,1.0,NOR,Europe & Central Asia,38.0,2052254941.0,223318.0,10328,2052254941.0,223318.0,,7347.0,9,0.0
2157092800,17926,10.1093/IJE/DYH372,Journal,Cohort Profile: The Whitehall II study,,2005,4/1/05,12/2/04,Oxford University Press,13389975.0,,,34.0,2.0,251,256,21,628,839,International Journal of Epidemiology,,,,6/24/16,1.0,GBR,Europe & Central Asia,17.0,2126237086.0,6677485.0,136980,2126237086.0,6677485.0,male,5726.0,2,0.0
2128573775,17318,10.1093/IJE/DYS203,Journal,Cohort Profile: The China Health and Retirement Longitudinal Study (CHARLS),,2014,2/1/14,12/12/12,Oxford University Press,13389975.0,,,43.0,1.0,61,68,11,624,763,International Journal of Epidemiology,,,,6/24/16,1.0,USA,North America,24.0,2119351818.0,54.0,2,2119351818.0,54.0,male,6489.0,5,0.5
2006174703,18329,10.1089/JWH.1997.6.49,Journal,The Nurses' Health Study: 20-Year Contribution to the Understanding of Health Among Women,,1997,2/1/97,,J Womens Health,191117624.0,,,6.0,1.0,49,62,77,565,871,Journal of Womens Health,,,,6/24/16,1.0,,,12.0,2067218961.0,2734003.0,21710,2067218961.0,2734003.0,male,5723.0,3,0.6666666666666667
2133304451,17770,10.1093/IJE/DYR049,Journal,Cohort profile: The Tromsø Study,,2012,8/1/12,3/21/11,Oxford University Press,13389975.0,,,41.0,4.0,961,967,26,432,668,International Journal of Epidemiology,,,,6/24/16,1.0,NOR,Europe & Central Asia,37.0,1996467848.0,366878.0,7434,1996467848.0,366878.0,male,8394.0,5,0.5
2056343794,18919,10.1097/00006250-199404000-00012,Journal,The Maine Women's Health Study: I. Outcomes of hysterectomy.,,1994,4/1/94,,Obstet Gynecol,139838620.0,,,83.0,4.0,556,565,0,388,640,Obstetrics & Gynecology,,,,6/24/16,1.0,,,15.0,2525304143.0,85580.0,1906,2525304143.0,85580.0,female,4416.0,3,0.33333333333333337
2167080331,17668,10.1093/IJE/DYQ250,Journal,Cohort Profile: Design and methods of the PREDIMED study,,2012,4/1/12,12/20/10,Oxford University Press,13389975.0,,,41.0,2.0,377,385,53,384,558,International Journal of Epidemiology,,,,6/24/16,1.0,ESP,Europe & Central Asia,48.0,2086879189.0,1762052.0,50591,2086879189.0,1762052.0,male,4416.0,20,0.3157894736842105
2160134719,18085,10.2215/CJN.00070109,Journal,Chronic Renal Insufficiency Cohort (CRIC) Study: Baseline Characteristics and Associations with Kidney Function,,2009,8/1/09,6/18/09,American Society of Nephrology,184267533.0,,,4.0,8.0,1302,1311,50,378,457,Clinical Journal of The American Society of Nephrology,,,,6/24/16,1.0,USA,North America,20.0,2560484516.0,432017.0,11553,2560484516.0,432017.0,male,6500.0,21,0.2941176470588235
2108165606,18173,10.1093/IJE/DYR054,Journal,Cohort Profile: The INMA—INfancia y Medio Ambiente—(Environment and Childhood) Project,,2012,8/1/12,4/5/11,Oxford University Press,13389975.0,,,41.0,4.0,930,940,82,378,477,International Journal of Epidemiology,,,,6/24/16,1.0,ESP,Europe & Central Asia,37.0,1480724987.0,181705.0,6238,1480724987.0,181705.0,female,8519.0,13,0.4
2100699867,18483,10.1186/1475-9276-3-3,Journal,"The Oslo Health Study: The impact of self-selection in a large, population-based survey.",,2004,5/6/04,5/6/04,BioMed Central,167257428.0,,,3.0,1.0,3,3,43,377,492,International Journal for Equity in Health,,,,6/24/16,1.0,NOR,Europe & Central Asia,28.0,2118979194.0,264776.0,4598,2118979194.0,264776.0,female,8867.0,4,0.33333333333333337
2100152214,18509,10.1093/IJE/DYI201,Journal,Cohort Profile: The 1946 National Birth Cohort (MRC National Survey of Health and Development),,2006,2/1/06,10/4/05,Oxford University Press,13389975.0,,,35.0,1.0,49,54,41,367,443,International Journal of Epidemiology,,,,6/24/16,1.0,GBR,Europe & Central Asia,19.0,1977284345.0,69641.0,529,1977284345.0,69641.0,male,5726.0,4,0.5
1911952697,17717,10.1016/J.JCLINEPI.2015.09.016,Journal,Million Veteran Program: A mega-biobank to study genetic influences on health and disease.,,2016,2/1/16,10/9/15,Elsevier,64418186.0,,,70.0,,214,223,17,339,407,Journal of Clinical Epidemiology,,,,6/24/16,1.0,USA,North America,23.0,3098681172.0,102794.0,666,3098681172.0,102794.0,,,24,0.4285714285714286
2131657653,18232,10.1093/IJE/DYQ219,Journal,Cohort Profile: The Longitudinal Aging Study Amsterdam,,2011,8/1/11,1/6/11,Oxford University Press,13389975.0,,,40.0,4.0,868,876,29,339,490,International Journal of Epidemiology,,,,6/24/16,1.0,NLD,Europe & Central Asia,31.0,2120820592.0,231170.0,8128,2120820592.0,231170.0,male,6860.0,7,0.25
2103516623,17736,10.1093/IJE/DYU229,Journal,"Cohort Profile: LifeLines, a three-generation cohort study and biobank",,2015,8/1/15,12/14/14,Oxford University Press,13389975.0,,,44.0,4.0,1172,1180,40,327,476,International Journal of Epidemiology,,,,6/24/16,1.0,,,28.0,2012848857.0,211897.0,5983,2012848857.0,211897.0,female,8064.0,11,0.4545454545454546
2341084900,17882,10.1093/IJE/DYV316,Journal,Cohort Profile: The Korean Genome and Epidemiology Study (KoGES) Consortium,,2017,4/1/17,4/16/16,Oxford University Press,13389975.0,,,46.0,4.0,1350,1350,37,307,369,International Journal of Epidemiology,,,,6/24/16,1.0,USA,North America,15.0,2612477551.0,112476.0,3613,2612477551.0,112476.0,,6424.0,2,
2071608393,18276,10.1038/IJO.2011.30,Journal,"The IDEFICS cohort: design, characteristics and participation in the baseline survey.",,2011,4/12/11,4/12/11,Nature Publishing Group,103428141.0,,,35.0,1.0,3,15,34,281,370,International Journal of Obesity,,,,6/24/16,1.0,DEU,Europe & Central Asia,32.0,3133084647.0,291210.0,11895,3133084647.0,291210.0,,,17,0.5454545454545455
2163603091,17954,10.1093/IJE/DYU027,Journal,Cohort Profile: Longitudinal Study of Adult Health (ELSA-Brasil),,2015,2/1/15,2/27/14,Oxford University Press,13389975.0,,,44.0,1.0,68,75,15,279,409,International Journal of Epidemiology,,,,6/24/16,1.0,,,21.0,2103273789.0,14412.0,179,2103273789.0,14412.0,female,7401.0,12,0.6363636363636365
2034098851,18255,10.1210/JC.2010-1642,Journal,Characteristics of adolescents and youth with recent-onset type 2 diabetes: the TODAY cohort at baseline,,2011,4/30/11,10/20/10,The Endocrine Society,205775358.0,,,96.0,1.0,159,167,25,266,394,The Journal of Clinical Endocrinology and Metabolism,,,,6/24/16,1.0,USA,North America,22.0,2520340350.0,273283.0,5441,2520340350.0,273283.0,male,8444.0,13,0.5384615384615385
2150526592,18377,10.1093/IJE/DYI202,Journal,Cohort profile: The Southampton Women's Survey,,2006,2/1/06,9/29/05,Oxford University Press,13389975.0,,,35.0,1.0,42,48,11,262,322,International Journal of Epidemiology,,,,6/24/16,1.0,,,24.0,1879489511.0,50367.0,863,1879489511.0,50367.0,female,6706.0,6,0.5
2151291137,18819,10.1093/IJE/DYM016,Journal,Cohort Profile: Mandela's children: The 1990 birth to twenty study in South Africa,,2007,6/1/07,3/12/07,Oxford University Press,13389975.0,,,36.0,3.0,504,511,49,260,339,International Journal of Epidemiology,,,,6/24/16,1.0,GBR,Europe & Central Asia,17.0,2103771668.0,387661.0,15919,2103771668.0,387661.0,female,7425.0,5,0.19999999999999996
2111865787,18293,10.1093/IJE/DYS084,Journal,"Cohort Profile: Generation Scotland: Scottish Family Health Study (GS:SFHS). The study, its participants and their potential for genetic research on health and illness",,2013,6/1/13,7/10/12,Oxford University Press,13389975.0,,,42.0,3.0,689,700,32,249,299,International Journal of Epidemiology,,,,6/24/16,1.0,GBR,Europe & Central Asia,15.0,2146759169.0,568806.0,22145,2146759169.0,568806.0,,7366.0,19,0.375
2104762777,18922,10.3310/HTA8320,Journal,The Social Support and Family Health Study: a randomised controlled trial and economic evaluation of two alternative forms of postnatal support for mothers living in disadvantaged inner-city areas,,2004,8/1/04,8/1/04,Health Technol Assess,191206091.0,,,8.0,32.0,1,134,93,247,374,Health Technology Assessment,,,,6/24/16,1.0,GBR,Europe & Central Asia,8.0,2419840168.0,35786.0,972,2419840168.0,35786.0,female,9676.0,8,0.8333333333333334
1982128276,18682,10.1007/S10545-007-0521-2,Journal,Fabry disease: baseline medical characteristics of a cohort of 1765 males and females in the Fabry Registry.,,2007,3/8/07,3/8/07,Kluwer Academic Publishers,186577254.0,,,30.0,2.0,184,192,30,240,383,Journal of Inherited Metabolic Disease,,,,6/24/16,1.0,USA,North America,24.0,2099483224.0,288584.0,12388,2099483224.0,288584.0,female,6355.0,11,0.4444444444444444
2123628956,18286,10.1007/S10654-007-9152-Z,Journal,"The INTERPHONE study: Design, epidemiological methods, and description of the study population",,2007,7/18/07,7/18/07,Springer Netherlands,48690275.0,,,22.0,9.0,647,664,50,236,338,European Journal of Epidemiology,,,,6/24/16,1.0,GBR,Europe & Central Asia,29.0,2811397818.0,171059.0,4908,2811397818.0,171059.0,female,8054.0,51,0.4444444444444444
2075136384,19484,10.2105/AJPH.77.6.685,Journal,"The San Francisco Men's Health Study: III. Reduction in human immunodeficiency virus transmission among homosexual/bisexual men, 1982-86",,1987,6/1/87,,American Public Health Association,168049282.0,,,77.0,6.0,685,689,7,235,360,American Journal of Public Health,,,,6/24/16,1.0,,,28.0,2115238472.0,342289.0,5432,2115238472.0,342289.0,male,5163.0,7,0.1428571428571429
2108417554,18309,10.1093/IJE/DYR116,Journal,Cohort Profile: The Irish Longitudinal Study on Ageing,,2011,8/1/11,8/2/11,Oxford University Press,13389975.0,,,40.0,4.0,877,884,9,234,304,International Journal of Epidemiology,,,,6/24/16,1.0,IRL,Europe & Central Asia,19.0,1994867409.0,1227128.0,30755,1994867409.0,1227128.0,female,8184.0,7,0.7142857142857143
2917948724,18630,10.1093/IJE/DYI290,Journal,Cohort Profile: The 1982 Pelotas (Brazil) Birth Cohort Study,,2006,4/1/06,12/22/05,Oxford University Press,13389975.0,,,35.0,2.0,237,242,28,234,357,International Journal of Epidemiology,,,,3/2/19,1.0,,,14.0,2065837648.0,1993830.0,63839,2065837648.0,1993830.0,male,9136.0,2,0.0
2147173212,18543,10.1093/IJE/DYQ231,Journal,Cohort Profile: Updating the cohort profile for the MRC National Survey of Health and Development: a new clinic-based data collection for ageing research,,2011,2/1/11,2/22/11,Oxford University Press,13389975.0,,,40.0,1.0,,,15,232,288,International Journal of Epidemiology,,,,6/24/16,1.0,,,20.0,2433945580.0,55726.0,405,2433945580.0,55726.0,female,5726.0,16,0.4375
2167964622,18801,10.1093/IJE/DYL247,Journal,Cohort profile: the GAZEL Cohort Study,,2007,2/1/07,11/12/06,Oxford University Press,13389975.0,,,36.0,1.0,32,39,52,203,265,International Journal of Epidemiology,,,,6/24/16,1.0,FRA,Europe & Central Asia,16.0,2132515953.0,33381.0,365,2132515953.0,33381.0,male,5885.0,7,0.6666666666666667
2148228932,18378,10.1093/IJE/DYU008,Journal,Cohort Profile: Project Viva,,2015,2/1/15,3/15/14,Oxford University Press,13389975.0,,,44.0,1.0,37,48,66,203,224,International Journal of Epidemiology,,,,6/24/16,1.0,USA,North America,27.0,238550446.0,8418.0,124,238550446.0,8418.0,female,4416.0,18,0.6470588235294118
2154849094,18465,10.1093/IJE/DYR207,Journal,Cohort Profile: TwinsUK and Healthy Ageing Twin Study,,2013,2/1/13,1/9/12,Oxford University Press,13389975.0,,,42.0,1.0,76,85,49,201,252,International Journal of Epidemiology,,,,6/24/16,1.0,GBR,Europe & Central Asia,32.0,62300903.0,189007.0,2078,62300903.0,189007.0,male,6523.0,4,0.25
2915443874,18746,10.1093/IJE/DYM177,Journal,Cohort Profile: The 1993 Pelotas (Brazil) Birth Cohort Study,,2008,8/1/08,9/10/07,Oxford University Press,13389975.0,,,37.0,4.0,704,709,40,184,210,International Journal of Epidemiology,,,,3/2/19,1.0,BRA,Latin America & Caribbean,11.0,2065837648.0,1993830.0,63839,2065837648.0,1993830.0,male,9136.0,6,0.19999999999999996
2141345515,18775,10.1093/IJE/DYN041,Journal,Cohort Profile: The Health In Men Study (HIMS),,2009,2/1/09,3/3/08,Oxford University Press,13389975.0,,,38.0,1.0,48,52,28,183,227,International Journal of Epidemiology,,,,6/24/16,1.0,AUS,East Asia & Pacific,28.0,2108430275.0,30346.0,275,2108430275.0,30346.0,male,6912.0,6,0.16666666666666663
2151463907,18650,10.1093/IJE/DYR025,Journal,Cohort Profile: The PATH through life project,,2012,8/1/12,2/24/11,Oxford University Press,13389975.0,,,41.0,4.0,951,960,37,181,226,International Journal of Epidemiology,,,,6/24/16,1.0,AUS,East Asia & Pacific,26.0,612724871.0,593565.0,19079,612724871.0,593565.0,female,6474.0,11,0.36363636363636365
2103707875,19198,10.1191/0961203302LU155OA,Journal,Baseline characteristics of a multiethnic lupus cohort: PROFILE,,2002,2/1/02,7/2/16,SAGE Publications Ltd,115920904.0,,,11.0,2.0,95,101,0,179,268,Lupus,,,,6/24/16,1.0,USA,North America,9.0,2103419615.0,168226.0,2551,2103419615.0,168226.0,,6640.0,6,0.4
2163825087,18699,10.1093/IJE/DYQ085,Journal,Cohort Profile: The Cebu Longitudinal Health and Nutrition Survey,,2011,6/1/11,5/27/10,Oxford University Press,13389975.0,,,40.0,3.0,619,625,49,179,225,International Journal of Epidemiology,,,,6/24/16,1.0,USA,North America,24.0,2097464933.0,1393660.0,34631,2097464933.0,1393660.0,female,5772.0,10,0.5
2134585221,18287,10.1093/IJE/DYT268,Journal,"Cohort Profile: Estonian Biobank of the Estonian Genome Center, University of Tartu",,2015,8/1/15,2/11/14,Oxford University Press,13389975.0,,,44.0,4.0,1137,1147,56,179,238,International Journal of Epidemiology,,,,6/24/16,1.0,USA,North America,24.0,227540701.0,2734915.0,79022,227540701.0,2734915.0,male,8269.0,12,0.5
2137994899,18693,10.1093/IJE/DYP161,Journal,Cohort Profile: The Golestan Cohort Study—a prospective study of oesophageal cancer in northern Iran,,2010,2/1/10,3/30/09,Oxford University Press,13389975.0,,,39.0,1.0,52,59,21,173,225,International Journal of Epidemiology,,,,6/24/16,1.0,,,20.0,1631637737.0,136.0,5,1631637737.0,136.0,male,7912.0,18,0.05882352941176483
1976044138,19627,10.1097/00006250-199404000-00013,Journal,"The Maine Women's Health Study: II. Outcomes of nonsurgical management of leiomyomas, abnormal bleeding, and chronic pelvic pain.",,1994,4/1/94,,Obstet Gynecol,139838620.0,,,83.0,4.0,566,572,0,169,262,Obstetrics & Gynecology,,,,6/24/16,1.0,USA,North America,7.0,2525304143.0,85580.0,1906,2525304143.0,85580.0,female,4416.0,3,0.33333333333333337
2124215313,18151,10.1093/IJE/DYS068,Journal,Cohort Profile: The National Prostate Cancer Register of Sweden and Prostate Cancer data Base Sweden 2.0,,2013,8/1/13,5/4/12,Oxford University Press,13389975.0,,,42.0,4.0,956,967,46,168,251,International Journal of Epidemiology,,,,6/24/16,1.0,SWE,Europe & Central Asia,26.0,823672725.0,57488.0,4616,823672725.0,57488.0,female,6523.0,12,0.33333333333333337
2168086579,19034,10.1093/IJE/DYM165,Journal,Cohort Profile: The Adventist Health Study-2 (AHS-2),,2008,4/1/08,4/1/08,Oxford University Press,13389975.0,,,37.0,2.0,260,265,36,160,229,International Journal of Epidemiology,,,,6/24/16,1.0,USA,North America,13.0,2096356056.0,26683.0,904,2096356056.0,26683.0,,8815.0,12,0.8571428571428572
2149077201,18650,10.1093/IJE/DYP276,Journal,Cohort Profile: Research on Osteoarthritis/Osteoporosis Against Disability study,,2010,8/1/10,9/11/09,Oxford University Press,13389975.0,,,39.0,4.0,988,995,25,159,240,International Journal of Epidemiology,,,,6/24/16,1.0,JPN,East Asia & Pacific,17.0,2143530712.0,225504.0,8874,2143530712.0,225504.0,female,5551.0,6,0.19999999999999996
2130343792,18958,10.1093/IJE/DYM217,Journal,Cohort Profile: Cohort of Norway (CONOR),,2008,6/1/08,11/4/07,Oxford University Press,13389975.0,,,37.0,3.0,481,485,19,158,205,International Journal of Epidemiology,,,,6/24/16,1.0,NOR,Europe & Central Asia,12.0,1968020656.0,65461.0,2322,1968020656.0,65461.0,male,6586.0,17,0.2941176470588235
2053472744,19459,10.1093/OXFORDJOURNALS.AJE.A009299,Journal,Design and baseline participant characteristics of the Human Immunodeficiency Virus Epidemiology Research (HER) Study: a prospective cohort study of human immunodeficiency virus infection in US women.,,1997,9/15/97,4/9/20,Oxford University Press,170967050.0,,,146.0,6.0,459,469,9,155,232,American Journal of Epidemiology,,,,6/24/16,1.0,USA,North America,8.0,2131596514.0,273105.0,7977,2131596514.0,273105.0,female,6424.0,7,0.5714285714285715
2125371786,19374,10.1093/IJE/DYL131,Journal,"Cohort Profile: The Guangzhou Biobank Cohort Study, a Guangzhou–Hong Kong–Birmingham collaboration",,2006,8/1/06,7/14/06,Oxford University Press,13389975.0,,,35.0,4.0,844,852,38,151,211,International Journal of Epidemiology,,,,6/24/16,1.0,GBR,Europe & Central Asia,11.0,2160978293.0,223858.0,9991,2160978293.0,223858.0,,6848.0,10,0.33333333333333337
2120961780,18663,10.1093/IJE/DYT018,Journal,Cohort Profile: The Berlin Aging Study II (BASE-II),,2014,6/1/14,3/14/13,Oxford University Press,13389975.0,,,43.0,3.0,703,712,18,147,187,International Journal of Epidemiology,,,,6/24/16,1.0,DEU,Europe & Central Asia,20.0,2133956318.0,172566.0,6413,2133956318.0,172566.0,female,7107.0,11,0.4444444444444444
2146149242,18988,10.1093/IJE/DYN071,Journal,Cohort Profile: The Concord Health and Ageing in Men Project (CHAMP),,2009,4/1/09,5/14/08,Oxford University Press,13389975.0,,,38.0,2.0,374,378,26,141,209,International Journal of Epidemiology,,,,6/24/16,1.0,AUS,East Asia & Pacific,15.0,2134914791.0,1166646.0,31019,2134914791.0,1166646.0,male,6159.0,9,0.375
2107425070,18691,10.1093/IJE/DYV151,Journal,Cohort Profile: The EDEN mother-child cohort on the prenatal and early postnatal determinants of child health and development,,2016,4/1/16,8/17/15,Oxford University Press,13389975.0,,,45.0,2.0,353,363,49,140,171,International Journal of Epidemiology,,,,6/24/16,1.0,FRA,Europe & Central Asia,20.0,2327855560.0,431419.0,12054,2327855560.0,431419.0,female,6238.0,12,0.75
2014096189,18421,10.1016/J.MAYOCP.2013.06.006,,The Mayo Clinic Biobank: A Building Block for Individualized Medicine,,2013,9/1/13,8/31/13,Elsevier Science,,,,88.0,9.0,952,962,30,138,163,Mayo Clinic Proceedings,,,,6/24/16,1.0,USA,North America,13.0,2143677708.0,620716.0,18047,2143677708.0,620716.0,female,5886.0,18,0.4375
2125344087,18958,10.1093/IJE/DYL286,Journal,Cohort Profile: The North American AIDS Cohort Collaboration on Research and Design (NA-ACCORD),,2007,4/1/07,1/8/07,Oxford University Press,13389975.0,,,36.0,2.0,294,301,10,136,205,International Journal of Epidemiology,,,,6/24/16,1.0,USA,North America,7.0,2300963440.0,1809486.0,46856,2300963440.0,1809486.0,male,5276.0,25,0.33333333333333337
2284521682,18772,10.1136/BMJOPEN-2014-006772,Journal,"Cohort profile: LifeLines DEEP, a prospective, general population cohort study in the northern Netherlands: Study design and baseline characteristics",,2015,8/1/15,1/11/18,BMJ PUBLISHING GROUP,79054089.0,,,5.0,8.0,,,45,134,157,BMJ Open,2284521682.0,18635.0,,6/24/16,1.0,NLD,Europe & Central Asia,20.0,2120581019.0,161019.0,5580,2120581019.0,161019.0,,8064.0,15,0.6666666666666667
2154856686,18806,10.1093/IJE/DYS053,Journal,Cohort Profile: The Dongfeng-Tongji cohort study of retired workers,,2013,6/1/13,4/24/12,Oxford University Press,13389975.0,,,42.0,3.0,731,740,26,134,170,International Journal of Epidemiology,,,,6/24/16,1.0,CHN,East Asia & Pacific,16.0,2102967090.0,205842.0,12092,2102967090.0,205842.0,,7154.0,29,0.0714285714285714
2128229768,18703,10.1093/IJE/DYP402,Journal,Cohort Profile: Hlabisa HIV Treatment and Care Programme,,2011,4/1/11,2/12/10,Oxford University Press,13389975.0,,,40.0,2.0,318,326,24,131,178,International Journal of Epidemiology,,,,6/24/16,1.0,ZAF,Sub-Saharan Africa,25.0,2947159568.0,53950.0,2312,2947159568.0,53950.0,female,8083.0,7,0.7142857142857143
1947569095,19347,10.1186/1742-5573-3-4,Journal,The North West Adelaide Health Study: detailed methods and baseline segmentation of a cohort for selected chronic diseases,,2006,4/12/06,4/12/06,BioMed Central,204975207.0,,,3.0,1.0,4,4,23,130,165,Epidemiologic Perspectives & Innovations,,,,6/24/16,1.0,AUS,East Asia & Pacific,9.0,2109777568.0,36373.0,1604,2109777568.0,36373.0,female,7010.0,11,0.6
2113532105,19042,10.1375/TWIN.13.3.231,Journal,The Netherlands Twin Register biobank: a resource for genetic epidemiological studies.,,2010,6/1/10,2/21/12,Cambridge University Press,197285354.0,,,13.0,3.0,231,245,32,128,177,Twin Research and Human Genetics,,,,6/24/16,1.0,NLD,Europe & Central Asia,12.0,2014374015.0,2158182.0,55235,2014374015.0,2158182.0,female,6860.0,21,0.33333333333333337
2148245581,19265,10.1093/IJE/DYN180,Journal,Cohort Profile: The Swiss Inflammatory Bowel Disease Cohort Study (SIBDCS),,2009,8/1/09,9/9/08,Oxford University Press,13389975.0,,,38.0,4.0,922,931,55,125,143,International Journal of Epidemiology,,,,6/24/16,1.0,CHE,Europe & Central Asia,11.0,393419904.0,55493.0,2793,393419904.0,55493.0,female,7314.0,8,0.1428571428571429
1997451183,19857,10.1159/000071189,Journal,A Canadian cohort study of cognitive impairment and related dementias (ACCORD): study methods and baseline results.,,2003,8/8/03,8/8/03,Neuroepidemiology,21771311.0,,,22.0,5.0,265,274,47,124,166,Neuroepidemiology,,,,6/24/16,1.0,CAN,North America,7.0,2010428529.0,2183945.0,51160,2010428529.0,2183945.0,male,5520.0,12,0.125
2017368288,18721,10.1093/IJE/DYU263,Journal,Cohort Profile: The Mexican Health and Aging Study (MHAS),,2017,4/1/17,1/27/15,Oxford University Press,13389975.0,,,46.0,2.0,,,29,122,183,International Journal of Epidemiology,,,,6/24/16,1.0,USA,North America,10.0,2809898858.0,54095.0,2738,2809898858.0,54095.0,female,7641.0,3,0.6666666666666667
2105139000,18870,10.1093/IJE/DYN042,Journal,Cohort Profile: The Swiss National Cohort—a longitudinal study of 6.8 million people,,2009,4/1/09,3/7/08,Oxford University Press,13389975.0,,,38.0,2.0,379,384,29,119,180,International Journal of Epidemiology,,,,6/24/16,1.0,CHE,Europe & Central Asia,13.0,2132296772.0,9269047.0,189302,2132296772.0,9269047.0,male,6963.0,8,0.125
2103894429,19030,10.1093/IJE/DYS039,Journal,Cohort Profile: The Helsinki Health Study,,2013,6/1/13,3/31/12,Oxford University Press,13389975.0,,,42.0,3.0,722,730,28,119,149,International Journal of Epidemiology,,,,6/24/16,1.0,FIN,Europe & Central Asia,15.0,1480969328.0,470194.0,14255,1480969328.0,470194.0,male,6353.0,8,0.25
2097098035,19305,10.1093/IJE/DYM161,Journal,Cohort Profile: The Thai Cohort of 87 134 Open University students,,2008,4/1/08,10/2/07,Oxford University Press,13389975.0,,,37.0,2.0,266,272,8,110,124,International Journal of Epidemiology,,,,6/24/16,1.0,,,11.0,2343914476.0,182133.0,6911,2343914476.0,182133.0,male,6589.0,3,0.0
2769313846,18422,10.1093/IJE/DYX239,Journal,Cohort Profile: The National FINRISK Study.,,2018,6/1/18,11/20/17,Int J Epidemiol,13389975.0,,,47.0,3.0,696,,42,108,134,International Journal of Epidemiology,2769313846.0,18185.0,,12/4/17,1.0,USA,North America,14.0,2008087790.0,25435.0,1687,2008087790.0,25435.0,female,8534.0,18,0.5
2126442920,19218,10.1093/IJE/DYS082,Journal,Cohort Profile: The Young Lives Study,,2013,6/1/13,5/21/12,Oxford University Press,13389975.0,,,42.0,3.0,701,708,49,107,176,International Journal of Epidemiology,,,,6/24/16,1.0,VNM,East Asia & Pacific,12.0,2330813307.0,7483.0,569,2330813307.0,7483.0,female,7211.0,10,0.6
2166905531,19748,10.1186/1471-2458-5-37,Journal,"Epidemiology of leisure-time physical activity in socio-demographic, lifestyle and psychological characteristics of men and women in Greece: the ATTICA Study",,2005,4/18/05,4/18/05,BioMed Central,200437886.0,,,5.0,1.0,37,37,37,107,164,BMC Public Health,,,,6/24/16,1.0,GRC,Europe & Central Asia,8.0,134707954.0,934585.0,29033,134707954.0,934585.0,male,9847.0,4,0.0
1508629887,18732,10.1111/J.1399-3038.2011.01254.X,Journal,"The EuroPrevall birth cohort study on food allergy: baseline characteristics of 12,000 newborns and their families from nine European countries",,2012,5/1/12,12/23/11,Pediatr Allergy Immunol,191932905.0,,,23.0,3.0,230,239,29,106,144,Pediatric Allergy and Immunology,,,,6/24/16,1.0,DEU,Europe & Central Asia,16.0,1994635161.0,376109.0,16208,1994635161.0,376109.0,male,7107.0,26,0.25
2167527362,18845,10.1016/S1474-4422(14)70321-7,Journal,Biological and clinical characteristics of the European Friedreich's Ataxia Consortium for Translational Studies (EFACTS) cohort: A cross-sectional analysis of baseline data,,2015,2/1/15,1/5/15,Elsevier,70053155.0,,,14.0,2.0,174,182,29,106,137,Lancet Neurology,,,,6/24/16,1.0,DEU,Europe & Central Asia,15.0,2563119658.0,182283.0,1333,2563119658.0,182283.0,male,6828.0,31,0.5555555555555556
2132331831,19024,10.1093/IJE/DYR206,Journal,Cohort Profile: Growing Up in New Zealand,,2013,2/1/13,1/13/12,Oxford University Press,13389975.0,,,42.0,1.0,65,75,17,105,159,International Journal of Epidemiology,,,,6/24/16,1.0,NZL,East Asia & Pacific,11.0,3163172144.0,157.0,18,3163172144.0,157.0,,,17,0.9230769230769231
2145277190,18852,10.1111/1753-0407.12108,Journal,Cohort profile: risk evaluation of cancers in Chinese diabetic individuals: a longitudinal (REACTION) study.,,2014,3/1/14,1/9/14,Wiley-Blackwell,181994529.0,,,6.0,2.0,147,157,25,105,157,Journal of Diabetes,,,,6/24/16,1.0,CHN,East Asia & Pacific,15.0,2069840029.0,498204.0,19947,2069840029.0,498204.0,male,6618.0,39,0.08333333333333337
2151677795,18884,10.1093/IJE/DYS231,Journal,Cohort profile: The Prevention and Incidence of Asthma and Mite Allergy (PIAMA) birth cohort,,2014,4/1/14,1/11/13,Oxford University Press,13389975.0,,,43.0,2.0,527,535,17,104,151,International Journal of Epidemiology,,,,6/24/16,1.0,NLD,Europe & Central Asia,17.0,2437574034.0,274641.0,11183,2437574034.0,274641.0,,6320.0,12,0.6
2165470944,19516,10.1093/IJE/DYQ243,Journal,Cohort Profile: ‘Children of 1997’: a Hong Kong Chinese birth cohort,,2012,6/1/12,1/11/11,Oxford University Press,13389975.0,,,41.0,3.0,611,620,105,94,117,International Journal of Epidemiology,,,,6/24/16,1.0,,,12.0,2169411822.0,1421334.0,38248,2169411822.0,1421334.0,,6848.0,5,0.5
2110812018,18962,10.1093/IJE/DYU123,Journal,Cohort Profile: The Applied Research Group for Kids (TARGet Kids!),,2015,6/1/15,6/30/14,Oxford University Press,13389975.0,,,44.0,3.0,776,788,29,94,121,International Journal of Epidemiology,,,,6/24/16,1.0,CAN,North America,11.0,1925172014.0,161950.0,6382,1925172014.0,161950.0,female,5409.0,8,0.625
2155308699,19958,10.1016/J.PUHE.2003.10.007,Journal,Methods and demographic findings of the baseline survey of the NEDICES cohort: a door-to-door survey of neurological disorders in three communities from Central Spain.,,2004,9/1/04,3/25/04,Elsevier,11097115.0,,,118.0,6.0,426,433,30,93,121,Public Health,,,,6/24/16,1.0,,,4.0,3189493512.0,10426.0,320,3189493512.0,10426.0,,,6,0.33333333333333337
2148718224,19135,10.1093/IJE/DYU184,Journal,Cohort Profile: The French E3N Cohort Study,,2015,6/1/15,9/10/14,Oxford University Press,13389975.0,,,44.0,3.0,801,809,34,93,136,International Journal of Epidemiology,,,,6/24/16,1.0,FRA,Europe & Central Asia,9.0,333958404.0,1789934.0,45688,333958404.0,1789934.0,female,5885.0,1,
2792170752,18694,10.1093/IJE/DYY021,Journal,Cohort Profile: The Women's Interagency HIV Study (WIHS).,,2018,4/1/18,2/23/18,Oxford University Press,13389975.0,,,47.0,2.0,393,,29,92,108,International Journal of Epidemiology,,,,3/29/18,1.0,USA,North America,9.0,3037589333.0,618.0,149,3037589333.0,618.0,female,5772.0,14,0.7692307692307693
2115079411,18967,10.1093/IJE/DYS065,Journal,Cohort Profile: The Fremantle Diabetes Study,,2013,4/1/13,4/28/12,Oxford University Press,13389975.0,,,42.0,2.0,412,421,75,92,140,International Journal of Epidemiology,,,,6/24/16,1.0,AUS,East Asia & Pacific,14.0,2396739761.0,728036.0,20656,2396739761.0,728036.0,male,6912.0,3,0.33333333333333337
2139231951,19421,10.1093/IJE/DYQ071,Journal,Cohort Profile: The Hokkaido Study on Environment and Children’s Health in Japan,,2011,6/1/11,5/26/10,Oxford University Press,13389975.0,,,40.0,3.0,611,618,27,91,139,International Journal of Epidemiology,,,,6/24/16,1.0,JPN,East Asia & Pacific,10.0,2251529865.0,222480.0,8529,2251529865.0,222480.0,female,6927.0,12,0.33333333333333337
2108538059,19667,10.1186/1745-6215-12-62,Journal,The mesenchymal stem cells in multiple sclerosis (MSCIMS) trial protocol and baseline cohort characteristics: an open-label pre-test: post-test study with blinded outcome assessments,,2011,3/2/11,3/2/11,BioMed Central,109512841.0,,,12.0,1.0,62,62,32,87,134,Trials,,,,6/24/16,1.0,GBR,Europe & Central Asia,18.0,2777674646.0,20016.0,568,2777674646.0,20016.0,male,5361.0,22,0.2222222222222222
2303415821,19253,10.1093/IJE/DYW006,Journal,Cohort Profile: The Health Outcomes and Measures of the Environment (HOME) study.,,2016,3/22/16,3/22/16,Oxford University Press,13389975.0,,,46.0,1.0,24,24,31,85,125,International Journal of Epidemiology,,,,6/24/16,1.0,USA,North America,21.0,2109010855.0,184007.0,6791,2109010855.0,184007.0,male,6414.0,9,0.7142857142857143
2132645278,19379,10.1093/IJE/DYP155,Journal,"Cohort Profile: The Scottish Health Surveys Cohort: linkage of study participants to routinely collected records for mortality, hospital discharge, cancer and offspring birth characteristics in three nationwide studies",,2010,4/1/10,4/6/09,Oxford University Press,13389975.0,,,39.0,2.0,345,350,12,85,129,International Journal of Epidemiology,,,,6/24/16,1.0,GBR,Europe & Central Asia,6.0,2238843107.0,68232.0,1967,2238843107.0,68232.0,,6547.0,7,0.25
2042206096,19192,10.1053/J.AJKD.2011.05.010,Journal,CKD in Hispanics: Baseline Characteristics From the CRIC (Chronic Renal Insufficiency Cohort) and Hispanic-CRIC Studies,,2011,8/1/11,6/27/11,Am J Kidney Dis,18197459.0,,,58.0,2.0,214,227,42,83,98,American Journal of Kidney Diseases,,,,6/24/16,1.0,,,13.0,2142699030.0,195519.0,6341,2142699030.0,195519.0,male,6500.0,16,0.2857142857142857
2150093242,18960,10.1093/IJE/DYQ251,Journal,Cohort Profile: The Consortium of Health-Orientated Research in Transitioning Societies,,2012,6/1/12,1/10/11,Oxford University Press,13389975.0,,,41.0,3.0,621,626,14,83,127,International Journal of Epidemiology,,,,6/24/16,1.0,USA,North America,14.0,2103771668.0,387661.0,15919,2103771668.0,387661.0,female,7425.0,11,0.36363636363636365
1974074630,19265,10.1007/S10157-010-0328-6,Journal,Chronic Kidney Disease Japan Cohort study: baseline characteristics and factors associated with causative diseases and renal function,,2010,8/11/10,8/11/10,Springer Japan,53361855.0,,,14.0,6.0,558,570,19,82,124,Clinical and Experimental Nephrology,,,,6/24/16,1.0,JPN,East Asia & Pacific,8.0,2108146217.0,188792.0,8797,2108146217.0,188792.0,,6626.0,9,0.0
2169004323,19103,10.1093/IJE/DYT009,Journal,"Cohort Profile: The Health2006 cohort, Research Centre for Prevention and Health",,2014,4/1/14,4/24/13,Oxford University Press,13389975.0,,,43.0,2.0,568,575,32,82,108,International Journal of Epidemiology,,,,6/24/16,1.0,DNK,Europe & Central Asia,17.0,2110957080.0,215247.0,9371,2110957080.0,215247.0,female,10412.0,14,0.5
2149172845,19890,10.1093/IJE/DYI300,Journal,Cohort Profile: The Metropolit 1953 Danish Male Birth Cohort,,2006,6/1/06,12/23/05,Oxford University Press,13389975.0,,,35.0,3.0,541,545,8,80,93,International Journal of Epidemiology,,,,6/24/16,1.0,DNK,Europe & Central Asia,7.0,2143285020.0,564842.0,14751,2143285020.0,564842.0,female,6204.0,5,
2002699850,19778,10.1111/J.1751-7893.2007.00026.X,Journal,The First‐Episode Psychosis Outcome Study: premorbid and baseline characteristics of an epidemiological cohort of 661 first‐episode psychosis patients,,2007,5/1/07,8/15/07,Blackwell Publishing Asia,130551847.0,,,1.0,2.0,191,200,49,78,117,Early Intervention in Psychiatry,,,,6/24/16,1.0,DEU,Europe & Central Asia,7.0,717731430.0,193182.0,6794,717731430.0,193182.0,male,7314.0,5,0.19999999999999996
2157616513,19421,10.1093/IJE/DYN072,Journal,"Cohort Profile: The STRIP Study (Special Turku Coronary Risk Factor Intervention Project), an Infancy-onset Dietary and Life-style Intervention Trial",,2009,6/1/09,4/22/08,Oxford University Press,13389975.0,,,38.0,3.0,650,655,24,78,116,International Journal of Epidemiology,,,,6/24/16,1.0,,,13.0,219376296.0,158871.0,4599,219376296.0,158871.0,male,9340.0,12,0.33333333333333337
2137010096,19739,10.1111/J.1463-1326.2006.00677.X,Journal,"PREDICTIVE™– a global, prospective observational study to evaluate insulin detemir treatment in types 1 and 2 diabetes: baseline characteristics and predictors of hypoglycaemia from the European cohort",,2007,5/1/07,12/14/06,"John Wiley & Sons, Ltd",148394532.0,,,9.0,3.0,428,434,15,75,115,"Diabetes, Obesity and Metabolism",,,,6/24/16,1.0,GBR,Europe & Central Asia,15.0,2470166125.0,1130698.0,19163,2470166125.0,1130698.0,female,5709.0,8,
2107376767,19207,10.1093/IJE/DYV013,Journal,Cohort Profile: The Shanghai Men’s Health Study,,2015,6/1/15,3/2/15,Oxford University Press,13389975.0,,,44.0,3.0,810,818,51,74,87,International Journal of Epidemiology,,,,6/24/16,1.0,CHN,East Asia & Pacific,14.0,2135100842.0,1815202.0,51857,2135100842.0,1815202.0,,7941.0,8,0.75
2147333897,18910,10.1093/IJE/DYS107,Journal,Cohort profile: The QSkin Sun and Health Study,,2012,8/1/12,8/29/12,Oxford University Press,13389975.0,,,41.0,4.0,929,929,11,74,94,International Journal of Epidemiology,,,,6/24/16,1.0,AUS,East Asia & Pacific,5.0,2115498881.0,99373.0,4777,2115498881.0,99373.0,female,8192.0,10,0.8888888888888888
2293917369,18881,10.1016/J.RMED.2016.03.008,Journal,"The German COPD cohort COSYCONET: Aims, methods and descriptive analysis of the study population at baseline",,2016,5/1/16,3/11/16,Respir Med,71995303.0,,,114.0,,27,37,72,73,109,Respiratory Medicine,,,,6/24/16,1.0,DEU,Europe & Central Asia,14.0,2027447652.0,250602.0,6722,2027447652.0,250602.0,male,6165.0,21,0.26315789473684215
2149861270,19401,10.1023/B:MEBR.0000027424.86587.74,Journal,The South Africa Stress and Health Study: Rationale and Design,,2004,6/1/04,,Metab Brain Dis,31409034.0,,,19.0,1.0,135,147,53,72,113,Metabolic Brain Disease,,,,6/24/16,1.0,USA,North America,3.0,2435254300.0,3962928.0,99716,2435254300.0,3962928.0,male,6303.0,8,0.1428571428571429
2165288064,19572,10.1093/IJE/DYL299,Journal,Cohort Profile: The International Childhood Cancer Cohort Consortium (I4C),,2007,8/1/07,1/25/07,Oxford University Press,13389975.0,,,36.0,4.0,724,730,50,72,107,International Journal of Epidemiology,,,,6/24/16,1.0,USA,North America,7.0,2117966148.0,16275.0,473,2117966148.0,16275.0,female,7827.0,9,0.625
2105495585,19041,10.1093/IJE/DYS004,Journal,Cohort Profile: The International Childhood Cardiovascular Cohort (i3C) Consortium,,2013,2/1/13,3/20/12,Oxford University Press,13389975.0,,,42.0,1.0,86,96,45,71,97,International Journal of Epidemiology,,,,6/24/16,1.0,USA,North America,16.0,2035910493.0,36738.0,655,2035910493.0,36738.0,male,8020.0,20,0.2777777777777778
2140616325,19687,10.1093/IJE/DYM096,Journal,Cohort Profile: The Swiss Hepatitis C Cohort Study (SCCS),,2007,8/1/07,8/10/07,Oxford University Press,13389975.0,,,36.0,4.0,731,737,16,71,92,International Journal of Epidemiology,,,,6/24/16,1.0,USA,North America,6.0,2431426570.0,743328.0,25771,2431426570.0,743328.0,male,6963.0,6,0.4
54563526,20447,10.1016/S0197-2456(00)00054-4,Journal,The estrogen replacement and atherosclerosis (ERA) study: study design and baseline characteristics of the cohort.,,2000,6/1/00,5/19/00,Elsevier,84962792.0,,,21.0,3.0,257,285,68,70,105,Controlled Clinical Trials,,,,6/24/16,1.0,USA,North America,9.0,2056187523.0,2061613.0,34621,2056187523.0,2061613.0,male,7136.0,7,0.5
2098768993,19084,10.1186/1477-7517-10-11,Journal,"Establishing the Melbourne Injecting Drug User Cohort Study (MIX): rationale, methods, and baseline and twelve-month follow-up results",,2013,6/21/13,6/21/13,BioMed Central,150411170.0,,,10.0,1.0,11,11,57,68,86,Harm Reduction Journal,,,,6/24/16,1.0,AUS,East Asia & Pacific,9.0,1495315337.0,41497.0,1928,1495315337.0,41497.0,female,10312.0,16,0.4
2143115591,20185,10.1093/IJE/DYI310,Journal,Cohort Profile: The Stockholm birth cohort of 1953,,2006,6/1/06,12/23/05,Oxford University Press,13389975.0,,,35.0,3.0,546,548,5,67,103,International Journal of Epidemiology,,,,6/24/16,1.0,SWE,Europe & Central Asia,2.0,2059231516.0,3566.0,279,2059231516.0,3566.0,male,6944.0,2,0.0
2126384427,19899,10.1093/IJE/DYM171,Journal,Cohort Profile: The Pacific Islands Families (PIF) Study,,2008,4/1/08,9/10/07,Oxford University Press,13389975.0,,,37.0,2.0,273,279,32,66,96,International Journal of Epidemiology,,,,6/24/16,1.0,NZL,East Asia & Pacific,7.0,2170647280.0,32580.0,1482,2170647280.0,32580.0,,8980.0,10,0.4444444444444444
2145990527,19680,10.1093/IJE/DYM294,Journal,Cohort Profile: The Nurses and Midwives e-Cohort Study—A Novel Electronic Longitudinal Study,,2009,2/1/09,1/17/08,Oxford University Press,13389975.0,,,38.0,1.0,53,60,26,66,92,International Journal of Epidemiology,,,,6/24/16,1.0,AUS,East Asia & Pacific,12.0,2095789234.0,1054.0,5,2095789234.0,1054.0,female,6303.0,7,0.5714285714285715
2322047850,19305,10.1371/JOURNAL.PONE.0120476,Journal,"The ophthalmic branch of the Gutenberg Health Study: study design, cohort profile and self-reported diseases",,2015,3/16/15,3/16/15,Public Library of Science,202381698.0,,,10.0,3.0,120476,,30,65,96,PLOS ONE,,,,6/24/16,1.0,DEU,Europe & Central Asia,6.0,2147244466.0,37684.0,1671,2147244466.0,37684.0,male,6963.0,10,0.19999999999999996
2159522807,19659,10.1093/IJE/DYN028,Journal,Cohort Profile: The Institute of Nutrition of Central America and Panama (INCAP) Nutrition Trial Cohort Study,,2008,8/1/08,2/19/08,Oxford University Press,13389975.0,,,37.0,4.0,716,720,10,65,99,International Journal of Epidemiology,,,,6/24/16,1.0,USA,North America,8.0,2294335422.0,1587263.0,42107,2294335422.0,1587263.0,male,6263.0,4,0.0
2141741448,19132,10.1093/IJE/DYS029,Journal,"Cohort Profile: The Themba Lethu Clinical Cohort, Johannesburg, South Africa",,2013,4/1/13,3/20/12,Oxford University Press,13389975.0,,,42.0,2.0,430,439,45,65,96,International Journal of Epidemiology,,,,6/24/16,1.0,USA,North America,13.0,1869663119.0,57647.0,3143,1869663119.0,57647.0,female,7425.0,9,0.25
2157721196,19900,10.1093/IJE/DYP205,Journal,Cohort Profile: The China Jintan Child Cohort Study,,2010,6/1/10,5/11/09,Oxford University Press,13389975.0,,,39.0,3.0,668,674,30,65,74,International Journal of Epidemiology,,,,6/24/16,1.0,USA,North America,12.0,2104264542.0,18799.0,1630,2104264542.0,18799.0,male,5386.0,5,0.6666666666666667
2318598002,19162,10.1186/S12933-016-0374-9,Journal,Cohort profile: the German Diabetes Study (GDS),,2016,4/7/16,4/7/16,BioMed Central,12095120.0,,,15.0,1.0,59,59,114,63,75,Cardiovascular Diabetology,,,,6/24/16,1.0,DEU,Europe & Central Asia,11.0,2778757863.0,1466847.0,37189,2778757863.0,1466847.0,male,7428.0,13,0.2727272727272727
2916610944,18774,10.1093/IJE/DYX219,Journal,Cohort Profile: The 2015 Pelotas (Brazil) Birth Cohort Study.,,2018,8/1/18,11/3/17,Oxford Academic,13389975.0,,,47.0,4.0,1048,,11,63,98,International Journal of Epidemiology,,,,3/2/19,1.0,BRA,Latin America & Caribbean,11.0,2018824757.0,130792.0,5061,2018824757.0,130792.0,male,5409.0,10,0.11111111111111116
2171446086,19240,10.1093/IJE/DYU049,Journal,Cohort Profile: The Malawi Longitudinal Study of Families and Health (MLSFH),,2015,4/1/15,3/16/14,Oxford University Press,13389975.0,,,44.0,2.0,394,404,149,63,91,International Journal of Epidemiology,,,,6/24/16,1.0,MWI,Sub-Saharan Africa,10.0,2289594572.0,232777.0,7994,2289594572.0,232777.0,male,5386.0,14,0.3076923076923077
2138304045,19774,10.1093/IJE/DYN191,Journal,Cohort Profile: The Danish Web-based Pregnancy Planning Study—‘Snart-Gravid’,,2009,8/1/09,9/9/08,Oxford University Press,13389975.0,,,38.0,4.0,938,943,30,62,83,International Journal of Epidemiology,,,,6/24/16,1.0,,,5.0,2309401766.0,29675.0,2051,2309401766.0,29675.0,female,8127.0,8,0.375
2132530598,19943,10.1093/IJE/DYI124,Journal,Cohort Profile: The Boyd Orr cohort—an historical cohort study based on the 65 year follow-up of the Carnegie Survey of Diet and Health (1937–39),,2005,8/1/05,6/17/05,Oxford University Press,13389975.0,,,34.0,4.0,742,749,34,62,94,International Journal of Epidemiology,,,,6/24/16,1.0,,,11.0,2123007045.0,675069.0,22594,2123007045.0,675069.0,male,6352.0,5,0.0
2111410090,19845,10.1186/1471-2458-14-994,Journal,"The Wuhan-Zhuhai (WHZH) cohort study of environmental air particulate matter and the pathogenesis of cardiopulmonary diseases: study design, methods and baseline characteristics of the cohort",,2014,9/24/14,9/24/14,BioMed Central,200437886.0,,,14.0,1.0,994,994,52,61,93,BMC Public Health,,,,6/24/16,1.0,CHN,East Asia & Pacific,5.0,2101431228.0,47393.0,3439,2101431228.0,47393.0,male,7154.0,20,0.375
2309442875,19510,10.1093/IJE/DYV099,Journal,Cohort Profile: World Trade Center Health Program General Responder Cohort,,2017,4/1/17,6/20/15,Oxford University Press,13389975.0,,,46.0,2.0,,,14,61,92,International Journal of Epidemiology,,,,6/24/16,1.0,USA,North America,8.0,2415821194.0,569.0,104,2415821194.0,569.0,male,6731.0,14,0.5
2049870027,19307,10.1093/IJE/DYV026,Journal,Cohort Profile: The Barwon Infant Study.,,2015,3/30/15,3/30/15,Oxford University Press,13389975.0,,,44.0,4.0,1148,1160,60,60,74,International Journal of Epidemiology,,,,6/24/16,1.0,AUS,East Asia & Pacific,11.0,611853760.0,55616.0,3028,611853760.0,55616.0,male,7882.0,16,0.3571428571428571
2156997879,19208,10.1093/IJE/DYT086,Journal,Cohort Profile: A prospective cohort study of objective physical and cognitive capability and visual health in an ageing population of men and women in Norfolk (EPIC-Norfolk 3),,2014,8/1/14,6/14/13,Oxford University Press,13389975.0,,,43.0,4.0,1063,1072,22,60,80,International Journal of Epidemiology,,,,6/24/16,1.0,GBR,Europe & Central Asia,14.0,2143669273.0,17362.0,1325,2143669273.0,17362.0,female,5361.0,11,0.5555555555555556
2116594661,20227,10.1093/OCCMED/KQG088,Journal,"The Bristol Stress and Health Study: accidents, minor injuries and cognitive failures at work.",,2003,9/1/03,,Oxford University Press,195965714.0,,,53.0,6.0,392,397,31,57,125,Occupational Medicine,,,,6/24/16,1.0,GBR,Europe & Central Asia,2.0,2177409458.0,45807.0,1713,2177409458.0,45807.0,female,6890.0,4,0.75
2281478002,19375,10.1093/IJE/DYV147,Journal,Cohort Profile: The Rotterdam Periconceptional Cohort (Predict Study).,,2016,4/1/16,7/29/15,Oxford University Press,13389975.0,,,45.0,2.0,374,381,26,56,84,International Journal of Epidemiology,,,,6/24/16,1.0,NLD,Europe & Central Asia,9.0,2949425721.0,405555.0,11931,2949425721.0,405555.0,female,6527.0,12,0.2727272727272727
2111255260,19536,10.1093/IJE/DYP233,Journal,Cohort Profile: The Chinese national free antiretroviral treatment cohort,,2010,8/1/10,6/25/09,Oxford University Press,13389975.0,,,39.0,4.0,973,979,11,56,84,International Journal of Epidemiology,,,,6/24/16,1.0,USA,North America,10.0,2978037349.0,32168.0,2053,2978037349.0,32168.0,,8794.0,10,0.0
2781983792,18669,10.1093/IJE/DYX247,Journal,Cohort Profile: Health and Ageing in Africa: A Longitudinal Study of an INDEPTH Community in South Africa (HAALSI),,2018,6/1/18,1/6/18,Oxford University Press (OUP),13389975.0,,,47.0,3.0,,,51,56,63,International Journal of Epidemiology,,,,1/12/18,1.0,USA,North America,9.0,2103603712.0,3056774.0,57709,2103603712.0,3056774.0,female,4416.0,22,0.3529411764705882
2119866752,19738,10.1093/IJE/DYP173,Journal,Cohort Profile: Risk patterns and processes for psychopathology emerging during adolescence: the ROOTS project,,2010,4/1/10,4/8/09,Oxford University Press,13389975.0,,,39.0,2.0,361,369,23,56,85,International Journal of Epidemiology,,,,6/24/16,1.0,GBR,Europe & Central Asia,9.0,1710191444.0,522232.0,13600,1710191444.0,522232.0,male,5361.0,5,0.19999999999999996
2461242273,18853,10.1136/BMJOPEN-2016-012100,Journal,Cohort profile: the Finnish Medication and Alzheimer's disease (MEDALZ) study,,2016,7/1/16,7/13/16,British Medical Journal Publishing Group,79054089.0,,,6.0,7.0,,,35,56,84,BMJ Open,2461242273.0,18642.0,,7/22/16,1.0,FIN,Europe & Central Asia,12.0,2090738449.0,50209.0,2478,2090738449.0,50209.0,female,8306.0,7,0.7142857142857143
2096692158,19642,10.1093/IJE/DYN276,Journal,Cohort profile: The Dynamic Analyses to Optimize Ageing (DYNOPTA) project,,2010,2/1/10,1/17/09,Oxford University Press,13389975.0,,,39.0,1.0,44,51,14,54,71,International Journal of Epidemiology,,,,6/24/16,1.0,BHR,Middle East & North Africa,16.0,612724871.0,18529.0,169,612724871.0,18529.0,female,6474.0,19,0.5
2114175857,19528,10.1093/IJE/DYS244,Journal,Cohort Profile: The Namwon Study and the Dong-gu Study,,2014,4/1/14,3/15/13,Oxford University Press,13389975.0,,,43.0,2.0,558,567,37,54,79,International Journal of Epidemiology,,,,6/24/16,1.0,KOR,East Asia & Pacific,10.0,2099163778.0,66083.0,4157,2099163778.0,66083.0,,7870.0,12,0.0
2126117556,19679,10.1093/IJE/DYQ239,Journal,Cohort Profile: The Bern Infant Lung Development Cohort,,2012,4/1/12,1/13/11,Oxford University Press,13389975.0,,,41.0,2.0,366,376,61,53,80,International Journal of Epidemiology,,,,6/24/16,1.0,USA,North America,6.0,2144275927.0,210681.0,9416,2144275927.0,210681.0,male,6027.0,4,0.25
2098766699,19627,10.1093/IJE/DYR230,Journal,Cohort Profile: The Ontario HIV Treatment Network Cohort Study (OCS),,2013,4/1/13,2/16/12,Oxford University Press,13389975.0,,,42.0,2.0,402,411,36,53,69,International Journal of Epidemiology,,,,6/24/16,1.0,CAN,North America,11.0,2980474348.0,34634.0,1869,2980474348.0,34634.0,male,8366.0,24,0.38095238095238093
2346773485,19516,10.1093/IJE/DYW056,Journal,Cohort Profile: The 10/66 study.,,2016,5/6/16,5/6/16,Oxford University Press,13389975.0,,,46.0,2.0,406,,48,52,77,International Journal of Epidemiology,,,,6/24/16,1.0,GBR,Europe & Central Asia,8.0,1986421718.0,40175.0,2712,1986421718.0,40175.0,,6523.0,13,0.4
1517384573,19627,10.1186/S12885-015-1475-7,Journal,Cohort Profile: Cholangiocarcinoma Screening and Care Program (CASCAP),,2015,6/9/15,6/9/15,BioMed Central,192926780.0,,,15.0,1.0,459,459,27,52,80,BMC Cancer,,,,6/24/16,1.0,THA,East Asia & Pacific,10.0,187039008.0,52971.0,3071,187039008.0,52971.0,male,9268.0,14,0.3076923076923077
2783075852,19595,10.1093/IJE/DYX260,Journal,Cohort Profile: The Swedish Longitudinal Occupational Survey of Health (SLOSH),,2018,6/1/18,1/10/18,Oxford University Press (OUP),13389975.0,,,47.0,3.0,1014,1014,50,52,79,International Journal of Epidemiology,,,,1/26/18,1.0,SWE,Europe & Central Asia,7.0,2155821546.0,42733.0,2728,2155821546.0,42733.0,female,6944.0,6,0.4
2124248661,19212,10.1093/IJE/DYT010,Journal,Cohort profile: Antiretroviral Therapy Cohort Collaboration (ART-CC),,2014,6/1/14,4/18/13,Oxford University Press,13389975.0,,,43.0,3.0,691,702,33,51,80,International Journal of Epidemiology,,,,6/24/16,1.0,GBR,Europe & Central Asia,13.0,2116739462.0,638915.0,17730,2116739462.0,638915.0,female,6352.0,21,0.4444444444444444
2123459147,19581,10.1093/IJE/DYR035,Journal,Cohort Profile: The 1987 Finnish Birth Cohort,,2012,8/1/12,3/4/11,Oxford University Press,13389975.0,,,41.0,4.0,941,945,25,51,77,International Journal of Epidemiology,,,,6/24/16,1.0,USA,North America,8.0,3037161176.0,1124.0,116,3037161176.0,1124.0,female,8534.0,2,
2014086693,19259,10.1093/IJE/DYU157,Journal,Cohort profile: The Cork BASELINE Birth Cohort Study: Babies after SCOPE: Evaluating the Longitudinal Impact on Neurological and Nutritional Endpoints,,2015,6/1/15,8/7/14,Oxford University Press,13389975.0,,,44.0,3.0,764,775,28,51,74,International Journal of Epidemiology,,,,6/24/16,1.0,IRL,Europe & Central Asia,13.0,2114340013.0,207187.0,7948,2114340013.0,207187.0,female,8184.0,6,0.6666666666666667
2109762681,19158,10.1093/IJE/DYQ015,Journal,Cohort profile: the Gateshead Millennium Study.,,2011,4/1/11,3/23/10,Oxford University Press,13389975.0,,,40.0,2.0,308,317,65,51,78,International Journal of Epidemiology,,,,6/24/16,1.0,GBR,Europe & Central Asia,14.0,2994391205.0,22372.0,1185,2994391205.0,22372.0,female,7106.0,10,0.6
2768228651,19140,10.1093/IJE/DYX117,Journal,Cohort Profile: The NSPN 2400 Cohort: a developmental sample supporting the Wellcome Trust NeuroScience in Psychiatry Network.,,2018,2/1/18,11/21/17,Oxford Academic,13389975.0,,,47.0,1.0,,,48,51,66,International Journal of Epidemiology,,,,12/4/17,1.0,,,11.0,2099481080.0,374708.0,6123,2099481080.0,374708.0,male,5361.0,12,0.33333333333333337
2136286196,19404,10.1093/IJE/DYU261,Journal,Cohort Profile: The HealthNuts Study: Population prevalence and environmental/genetic predictors of food allergy,,2015,8/1/15,1/21/15,Oxford University Press,13389975.0,,,44.0,4.0,1161,1171,27,50,71,International Journal of Epidemiology,,,,6/24/16,1.0,AUS,East Asia & Pacific,14.0,2102135537.0,403905.0,17140,2102135537.0,403905.0,female,8091.0,16,0.7333333333333334
2095214476,19444,10.1177/0333102411410610,Journal,"The International Burden of Migraine Study (IBMS): study design, methodology, and baseline cohort characteristics.",,2011,6/20/11,6/20/11,SAGE Publications,141866484.0,,,31.0,10.0,1116,1130,44,49,74,Cephalalgia,,,,6/24/16,1.0,IRL,Europe & Central Asia,7.0,2940618771.0,1945.0,49,2940618771.0,1945.0,female,,10,0.6666666666666667
2151129418,19786,10.1093/IJE/DYP216,Journal,"Cohort Profile: The German uranium miners cohort study (WISMUT cohort), 1946–2003",,2010,8/1/10,6/3/09,Oxford University Press,13389975.0,,,39.0,4.0,980,987,26,49,73,International Journal of Epidemiology,,,,6/24/16,1.0,SWE,Europe & Central Asia,10.0,2122608272.0,161369.0,4938,2122608272.0,161369.0,female,,5,0.8
2125767865,19963,10.1093/IJE/DYP215,Journal,"Cohort profile: Survey of Families, Income and Employment (SoFIE) and Health Extension (SoFIE-health)",,2010,6/1/10,5/28/09,Oxford University Press,13389975.0,,,39.0,3.0,653,659,13,48,73,International Journal of Epidemiology,,,,6/24/16,1.0,NZL,East Asia & Pacific,9.0,2134408934.0,45239.0,1901,2134408934.0,45239.0,female,7400.0,5,0.19999999999999996
2171868175,19598,10.1093/RHEUMATOLOGY/KET441,Journal,The Canadian systemic sclerosis oral health study: orofacial manifestations and oral health-related quality of life in systemic sclerosis compared with the general population,,2014,8/1/14,1/24/14,Oxford University Press,183989336.0,,,53.0,8.0,1386,1394,49,47,71,Rheumatology,,,,6/24/16,1.0,CAN,North America,7.0,1629744545.0,45606.0,1601,1629744545.0,45606.0,male,6020.0,21,0.5
2139437793,20154,10.1093/IJE/DYI319,Journal,Cohort Profile: The Aberdeen Children of the 1950s Study,,2006,6/1/06,2/1/06,Oxford University Press,13389975.0,,,35.0,3.0,549,552,31,47,67,International Journal of Epidemiology,,,,6/24/16,1.0,USA,North America,4.0,2151003219.0,990875.0,21164,2151003219.0,990875.0,male,6507.0,4,0.75
2166805130,19629,10.1093/IJE/DYQ218,Journal,Cohort Profile: The electricity generating authority of Thailand study,,2012,4/1/12,1/6/11,Oxford University Press,13389975.0,,,41.0,2.0,359,365,17,47,73,International Journal of Epidemiology,,,,6/24/16,1.0,THA,East Asia & Pacific,8.0,1958476915.0,6839.0,390,1958476915.0,6839.0,,7998.0,7,0.33333333333333337
2016500514,20494,10.1093/IJE/DYM218,Journal,"Cohort Profile: The GECKO Drenthe study, overweight programming during early childhood",,2008,6/1/08,10/19/15,Oxford University Press,13389975.0,,,37.0,3.0,486,489,21,46,72,International Journal of Epidemiology,,,,6/24/16,1.0,NLD,Europe & Central Asia,1.0,1984937378.0,4647.0,214,1984937378.0,4647.0,female,8064.0,6,0.4
2793621776,19423,10.1093/IJE/DYY023,Journal,Cohort Profile: The Isle Of Wight Whole Population Birth Cohort (IOWBC).,,2018,8/1/18,3/14/18,Oxford Academic,13389975.0,,,47.0,4.0,1083,1084,105,46,56,International Journal of Epidemiology,,,,3/29/18,1.0,GBR,Europe & Central Asia,8.0,2050616358.0,182523.0,7501,2050616358.0,182523.0,,6706.0,10,0.625
2165971332,19585,10.1186/1471-2458-13-538,Journal,The Gutenberg Health Study: measuring psychosocial factors at work and predicting health and work-related outcomes with the ERI and the COPSOQ questionnaire,,2013,6/4/13,6/4/13,BioMed Central,200437886.0,,,13.0,1.0,538,538,30,45,78,BMC Public Health,,,,6/24/16,1.0,DEU,Europe & Central Asia,4.0,2649868070.0,483.0,45,2649868070.0,483.0,male,,11,0.5454545454545455
2114801477,19720,10.1093/IJE/DYT064,Journal,Cohort Profile: The Men Androgen Inflammation Lifestyle Environment and Stress (MAILES) Study,,2014,8/1/14,6/19/13,Oxford University Press,13389975.0,,,43.0,4.0,1040,1053,20,45,58,International Journal of Epidemiology,,,,6/24/16,1.0,AUS,East Asia & Pacific,13.0,615932905.0,438292.0,13613,615932905.0,438292.0,male,7010.0,11,0.30000000000000004
2114085677,19334,10.2188/JEA.JE20100135,Journal,"Cohort Profile: The AGES 2003 Cohort Study in Aichi, Japan",,2011,3/5/11,3/5/11,Japan Epidemiological Association,82044091.0,,,21.0,2.0,151,157,31,45,54,Journal of Epidemiology,,,,6/24/16,1.0,USA,North America,11.0,2141436303.0,46860.0,4701,2141436303.0,46860.0,male,7681.0,5,0.0
2131899239,19585,10.1093/IJE/DYU070,Journal,Cohort Profile: Seek and Treat for the Optimal Prevention of HIV/AIDS in British Columbia (STOP HIV/AIDS BC),,2014,8/1/14,4/2/14,Oxford University Press,13389975.0,,,43.0,4.0,1073,1081,16,45,54,International Journal of Epidemiology,,,,6/24/16,1.0,CAN,North America,10.0,2235640792.0,2047033.0,58132,2235640792.0,2047033.0,male,5795.0,7,0.2857142857142857
2519751830,19494,10.1093/IJE/DYW154,Journal,Cohort Profile: Prediction and prevention of preeclampsia and intrauterine growth restriction (PREDO) study.,,2016,9/17/16,2/27/19,Oxford University Press,13389975.0,,,46.0,5.0,,,16,44,66,International Journal of Epidemiology,,,,9/23/16,1.0,FIN,Europe & Central Asia,9.0,2003960681.0,563545.0,18723,2003960681.0,563545.0,female,6353.0,17,0.6666666666666667
2034530740,19735,10.1186/1471-2369-14-121,Journal,"Cohort profile: Canadian study of prediction of death, dialysis and interim cardiovascular events (CanPREDDICT).",,2013,6/11/13,6/11/13,BioMed Central,172421378.0,,,14.0,1.0,121,121,46,44,60,BMC Nephrology,,,,6/24/16,1.0,CAN,North America,8.0,2161415331.0,1204184.0,36241,2161415331.0,1204184.0,female,5795.0,9,0.4444444444444444
2330620663,19430,10.1093/IJE/DYW027,Journal,Cohort Profile: The Janus Serum Bank Cohort in Norway.,,2016,4/10/16,4/10/16,Oxford University Press,13389975.0,,,46.0,2.0,403,404,33,42,65,International Journal of Epidemiology,,,,6/24/16,1.0,USA,North America,9.0,1987345930.0,32186.0,1389,1987345930.0,32186.0,female,5709.0,7,0.6
2041651157,19449,10.1016/S1081-1206(10)60184-6,Journal,Baseline characteristics of patients enrolled in EXCELS: a cohort study,,2009,9/1/09,2/10/10,Elsevier,153558830.0,,,103.0,3.0,212,219,35,41,64,Annals of Allergy Asthma & Immunology,,,,6/24/16,1.0,USA,North America,6.0,2149253766.0,67180.0,2480,2149253766.0,67180.0,male,4416.0,9,0.2222222222222222
2782606626,19625,10.1093/IJE/DYX259,Journal,Cohort Profile: The Epidemiology of Chronic Diseases and Multimorbidity. The EpiChron Cohort Study,,2018,4/1/18,1/16/18,Int J Epidemiol,13389975.0,,,47.0,2.0,382,,34,41,41,International Journal of Epidemiology,,,,1/26/18,1.0,,,8.0,2782611944.0,815.0,166,2782611944.0,815.0,male,12960.0,15,0.6666666666666667
2161880236,20236,10.1093/IJE/DYN184,Journal,Cohort Profile: The Newcastle Thousand Families 1947 Birth Cohort,,2009,8/1/09,9/9/08,Oxford University Press,13389975.0,,,38.0,4.0,932,937,34,40,53,International Journal of Epidemiology,,,,6/24/16,1.0,GBR,Europe & Central Asia,5.0,2126462513.0,277686.0,11301,2126462513.0,277686.0,male,7106.0,4,0.25
2103825640,20043,10.1093/IJE/DYT003,Journal,Cohort Profile: The Promotion of Breastfeeding Intervention Trial (PROBIT),,2014,6/1/14,3/7/13,Oxford University Press,13389975.0,,,43.0,3.0,679,690,32,40,82,International Journal of Epidemiology,,,,6/24/16,1.0,GBR,Europe & Central Asia,7.0,2305552518.0,73420.0,2220,2305552518.0,73420.0,female,6352.0,10,0.7
2159570338,19941,10.1093/IJE/DYP393,Journal,Cohort Profile: The Canadian Observational Cohort collaboration,,2011,2/1/11,2/15/10,Oxford University Press,13389975.0,,,40.0,1.0,25,32,19,40,61,International Journal of Epidemiology,,,,6/24/16,1.0,,,6.0,2092951768.0,50568.0,391,2092951768.0,50568.0,male,7305.0,14,0.3076923076923077
2757097240,19515,10.1371/JOURNAL.PONE.0184708,Journal,Cohort profile: The Canadian HIV Women's Sexual and Reproductive Health Cohort Study (CHIWOS),,2017,9/28/17,9/28/17,Public Library of Science,202381698.0,,,12.0,9.0,,,21,39,39,PLOS ONE,,,,10/6/17,1.0,CAN,North America,9.0,1977602237.0,86287.0,5322,1977602237.0,86287.0,female,10174.0,28,0.7391304347826086
1902652494,18856,10.1093/IJE/DYV118,Journal,Cohort Profile: The Breast Cancer Prospective Family Study Cohort (ProF-SC),,2016,6/1/16,7/13/15,Oxford University Press,13389975.0,,,45.0,3.0,683,692,52,38,38,International Journal of Epidemiology,,,,6/24/16,1.0,AUS,East Asia & Pacific,7.0,2168150853.0,2632496.0,73001,2168150853.0,2632496.0,male,6124.0,13,0.8333333333333334
2310789785,19677,10.1093/IJE/DYW023,Journal,Cohort Profile: The Saguenay Youth Study (SYS),,2016,3/27/16,3/27/16,Oxford University Press,13389975.0,,,46.0,2.0,,,92,38,38,International Journal of Epidemiology,,,,6/24/16,1.0,CAN,North America,9.0,2097360218.0,2924936.0,52161,2097360218.0,2924936.0,,12026.0,12,0.375
2152498209,20497,10.1093/IJE/DYL279,Journal,Cohort Profile: The Florey Adelaide Male Ageing Study (FAMAS),,2007,4/1/07,1/12/07,Oxford University Press,13389975.0,,,36.0,2.0,302,306,10,37,54,International Journal of Epidemiology,,,,6/24/16,1.0,,,8.0,2116473430.0,29244.0,1426,2116473430.0,29244.0,male,7010.0,5,0.4
2158320244,20098,10.1093/IJE/DYR140,Journal,Cohort Profile: The Peri/post-natal Epigenetic Twins Study,,2012,2/1/12,10/3/11,Oxford University Press,13389975.0,,,41.0,1.0,55,61,46,37,37,International Journal of Epidemiology,,,,6/24/16,1.0,AUS,East Asia & Pacific,15.0,1964822167.0,29092.0,324,1964822167.0,29092.0,male,7882.0,15,0.36363636363636365
2101742502,19606,10.1093/IJE/DYU201,Journal,Cohort Profile: The Bissau HIV Cohort-a cohort of HIV-1 HIV-2 and co-infected patients.,,2015,6/1/15,10/22/14,Oxford University Press,13389975.0,,,44.0,3.0,756,763,36,37,37,International Journal of Epidemiology,,,,6/24/16,1.0,DNK,Europe & Central Asia,7.0,2115575550.0,5699.0,651,2115575550.0,5699.0,female,8127.0,10,0.33333333333333337
2239640831,19923,10.1093/IJE/DYV149,Journal,Cohort Profile: The Copenhagen Aging and Midlife Biobank (CAMB),,2015,7/25/15,7/25/15,Oxford University Press,13389975.0,,,45.0,4.0,1044,1053,45,37,37,International Journal of Epidemiology,,,,6/24/16,1.0,,,4.0,2098883667.0,91714.0,3001,2098883667.0,91714.0,female,6204.0,10,0.6666666666666667
2167530657,19996,10.1093/IJE/DYU089,Journal,Cohort profile: The Malaysian Cohort (TMC) project: a prospective study of non-communicable diseases in a multi-ethnic population,,2015,4/1/15,4/11/14,Oxford University Press,13389975.0,,,44.0,2.0,423,431,4,37,37,International Journal of Epidemiology,,,,6/24/16,1.0,MYS,East Asia & Pacific,4.0,3190904864.0,319.0,57,3190904864.0,319.0,,,11,0.7142857142857143
2054348903,19811,10.1093/IJE/DYU114,Journal,Cohort Profile: The Danish Conscription Database(DCD): A cohort of 728 160 men born from 1939 through 1959,,2015,4/1/15,6/6/14,Oxford University Press,13389975.0,,,44.0,2.0,432,440,30,36,36,International Journal of Epidemiology,,,,6/24/16,1.0,DNK,Europe & Central Asia,5.0,2143285020.0,564842.0,14751,2143285020.0,564842.0,female,6204.0,7,0.6
2139872510,19984,10.1093/IJE/DYP165,Journal,Cohort profile: mamanengane or the Africa centre vertical transmission study.,,2010,4/1/10,3/31/09,Oxford University Press,13389975.0,,,39.0,2.0,351,360,31,35,55,International Journal of Epidemiology,,,,6/24/16,1.0,GBR,Europe & Central Asia,6.0,2947159568.0,53950.0,2312,2947159568.0,53950.0,female,8083.0,7,0.8333333333333334
2469798898,19880,10.1093/IJE/DYW091,Journal,Cohort Profile: The European Longitudinal Study of Pregnancy and Childhood (ELSPAC) in the Czech Republic,,2016,7/5/16,7/5/16,Oxford University Press,13389975.0,,,46.0,5.0,,,32,34,34,International Journal of Epidemiology,,,,7/22/16,1.0,CZE,Europe & Central Asia,5.0,2051694737.0,119663.0,5624,2051694737.0,119663.0,female,8678.0,10,0.2222222222222222
2096550759,20077,10.1186/1756-0500-5-400,Journal,The Saskatchewan rural health study: an application of a population health framework to understand respiratory health outcomes,,2012,8/1/12,8/1/12,BioMed Central,100014455.0,,,5.0,1.0,400,400,50,33,33,BMC Research Notes,,,,6/24/16,1.0,CAN,North America,5.0,2277053099.0,64083.0,2478,2277053099.0,64083.0,female,7644.0,12,0.4545454545454546
2106363115,20223,10.1093/IJE/DYS028,Journal,Cohort Profile: The Amsterdam Growth and Health Longitudinal Study,,2013,4/1/13,3/20/12,Oxford University Press,13389975.0,,,42.0,2.0,422,429,45,33,52,International Journal of Epidemiology,,,,6/24/16,1.0,NLD,Europe & Central Asia,8.0,2178412103.0,1296977.0,36676,2178412103.0,1296977.0,male,6860.0,5,0.5
2200733622,19218,10.1093/IJE/DYV310,Journal,Cohort Profile: The Helsinki Businessmen Study (HBS),,2016,8/1/16,12/24/15,Oxford University Press,13389975.0,,,45.0,4.0,1074,,47,33,51,International Journal of Epidemiology,2200733622.0,18915.0,,6/24/16,1.0,FIN,Europe & Central Asia,6.0,313412140.0,635506.0,21172,313412140.0,635506.0,male,7667.0,15,0.4666666666666667
2114474830,20417,10.1093/IJE/DYS177,Journal,Cohort Profile: The Quebec Longitudinal Study of Kindergarten Children (QLSKC),,2014,2/1/14,11/18/12,Oxford University Press,13389975.0,,,43.0,1.0,23,33,39,33,33,International Journal of Epidemiology,,,,6/24/16,1.0,FRA,Europe & Central Asia,4.0,2428614436.0,156628.0,1014,2428614436.0,156628.0,male,6550.0,6,0.6
2158380595,19916,10.1093/IJE/DYT040,Journal,Cohort profile: Understanding socioeconomic inequalities in health and health behaviours : The GLOBE study,,2014,6/1/14,5/25/13,Oxford University Press,13389975.0,,,43.0,3.0,721,730,60,33,33,International Journal of Epidemiology,,,,6/24/16,1.0,NLD,Europe & Central Asia,7.0,593870882.0,176986.0,7559,593870882.0,176986.0,male,6527.0,7,0.5714285714285715
2255712021,19917,10.1093/IJE/DYV088,Journal,Cohort Profile: The Inflammatory Bowel Disease South Limburg Cohort (IBDSL),,2017,4/1/17,6/4/15,Oxford University Press,13389975.0,,,46.0,2.0,,,76,33,33,International Journal of Epidemiology,,,,6/24/16,1.0,NLD,Europe & Central Asia,9.0,2018328530.0,4790.0,419,2018328530.0,4790.0,male,7423.0,8,0.5
2103775513,19816,10.1093/IJE/DYR234,Journal,Cohort Profile: The European Male Ageing Study,,2013,4/1/13,2/7/12,Oxford University Press,13389975.0,,,42.0,2.0,391,401,52,32,32,International Journal of Epidemiology,,,,6/24/16,1.0,GBR,Europe & Central Asia,9.0,2148711556.0,674600.0,22367,2148711556.0,674600.0,male,6054.0,19,0.0
2152828875,20070,10.1093/IJE/DYT057,Journal,Cohort Profile: The Japan Diabetes Complications Study: a long-term follow-up of a randomised lifestyle intervention study of type 2 diabetes,,2014,8/1/14,5/18/13,Oxford University Press,13389975.0,,,43.0,4.0,1054,1062,25,32,32,International Journal of Epidemiology,,,,6/24/16,1.0,JPN,East Asia & Pacific,5.0,2145413565.0,567234.0,13729,2145413565.0,567234.0,male,7901.0,9,0.125
1991356696,21365,10.1097/00001648-199603000-00011,Journal,The indoor air and children's health study: methods and incidence rates.,,1996,3/1/96,,Lippincott Williams and Wilkins,15470582.0,,,7.0,2.0,166,174,19,30,30,Epidemiology,,,,6/24/16,1.0,USA,North America,3.0,2649168780.0,6829.0,136,2649168780.0,6829.0,,,3,0.0
2277726354,20637,10.7205/MILMED.171.3.253,Journal,The Neurocognition Deployment Health Study: a prospective cohort study of Army Soldiers.,,2006,3/1/06,,Association of Military Surgeons of the U.S.,207859457.0,,,171.0,3.0,253,260,0,30,30,Military Medicine,,,,6/24/16,1.0,USA,North America,5.0,316906618.0,314494.0,8532,316906618.0,314494.0,female,9790.0,11,0.4545454545454546
2257374492,18709,10.1093/IJE/DYV123,Journal,Cohort Profile: The Mexican Teachers' Cohort (MTC).,,2015,9/3/15,9/3/15,Oxford University Press,13389975.0,,,46.0,2.0,,,25,30,30,International Journal of Epidemiology,,,,6/24/16,1.0,ISL,Europe & Central Asia,5.0,1282251835.0,35495.0,1456,1282251835.0,35495.0,male,8209.0,13,0.5384615384615385
2139055572,19467,10.1093/IJE/DYU121,Journal,Cohort Profile: The Yorkshire Health Study,,2016,6/1/16,7/9/14,Oxford University Press,13389975.0,,,45.0,3.0,707,712,13,30,30,International Journal of Epidemiology,,,,6/24/16,1.0,GBR,Europe & Central Asia,10.0,2804477927.0,200375.0,9023,2804477927.0,200375.0,male,6652.0,12,0.6666666666666667
2154184301,20071,10.1093/IJE/DYU196,Journal,Cohort Profile: The Australian Longitudinal Study of Ageing (ALSA),,2016,8/1/16,12/1/14,Oxford University Press,13389975.0,,,45.0,4.0,1054,1063,47,30,30,International Journal of Epidemiology,,,,6/24/16,1.0,AUS,East Asia & Pacific,5.0,2171051576.0,206011.0,6129,2171051576.0,206011.0,female,7950.0,6,0.8333333333333334
2116115303,20014,10.1093/IJE/DYM216,Journal,Cohort Profile: The Paediatric Antiretroviral Treatment Programmes in Lower-Income Countries (KIDS-ART-LINC) Collaboration,,2008,6/1/08,11/12/07,Oxford University Press,13389975.0,,,37.0,3.0,474,480,13,29,29,International Journal of Epidemiology,,,,6/24/16,1.0,FRA,Europe & Central Asia,9.0,2051276333.0,887403.0,25337,2051276333.0,887403.0,male,7499.0,15,0.5
2290946435,18968,10.1093/IJE/DYV089,Journal,Cohort Profile: The Swedish Women’s Lifestyle and Health cohort,,2017,4/1/17,6/10/15,Oxford University Press,13389975.0,,,46.0,2.0,,,50,29,29,International Journal of Epidemiology,,,,6/24/16,1.0,FRA,Europe & Central Asia,7.0,2025574871.0,2701229.0,101899,2025574871.0,2701229.0,female,8054.0,5,0.4
2790143670,19793,10.1093/IJE/DYY014,Journal,Cohort Profile: The Singapore Multi-Ethnic Cohort (MEC) study,,2018,6/1/18,2/13/18,Int J Epidemiol,13389975.0,,,47.0,3.0,699,,55,29,29,International Journal of Epidemiology,,,,3/29/18,1.0,SGP,East Asia & Pacific,5.0,2095681583.0,1701970.0,39560,2095681583.0,1701970.0,male,6401.0,7,0.8
2161815325,19749,10.1186/2193-1801-2-300,Journal,Cohort profile: mental health following extreme trauma in a northern Ugandan cohort of War-Affected Youth Study (The WAYS Study).,,2013,7/3/13,7/3/13,Springer International Publishing,2531072874.0,,,2.0,1.0,300,300,37,29,29,SpringerPlus,,,,6/24/16,1.0,GBR,Europe & Central Asia,8.0,2711747715.0,11323.0,685,2711747715.0,11323.0,,10217.0,7,0.19999999999999996
2752050463,19457,10.1093/IJE/DYX140,Journal,Cohort Profile: Genetics of Diabetes Audit and Research in Tayside Scotland (GoDARTS),,2018,4/1/18,10/19/17,Oxford University Press,13389975.0,,,47.0,2.0,380,,93,28,28,International Journal of Epidemiology,,,,9/15/17,1.0,,,7.0,2560004773.0,2519279.0,54486,2560004773.0,2519279.0,male,7366.0,17,0.4285714285714286
2269288832,19673,10.1093/IJE/DYV318,Journal,Cohort Profile: the Cambridge Baby Growth Study (CBGS),,2016,2/1/16,12/31/15,Oxford University Press,13389975.0,,,45.0,1.0,35,,24,28,28,International Journal of Epidemiology,,,,6/24/16,1.0,GBR,Europe & Central Asia,5.0,1743196395.0,1713.0,28,1743196395.0,1713.0,male,5361.0,6,0.33333333333333337
2131832511,20570,10.1093/IJE/DYN159,Journal,Cohort Profile: The 1969–73 Vellore birth cohort study in South India,,2009,6/1/09,8/6/08,Oxford University Press,13389975.0,,,38.0,3.0,663,669,24,28,28,International Journal of Epidemiology,,,,6/24/16,1.0,GBR,Europe & Central Asia,4.0,265599459.0,10457.0,680,265599459.0,10457.0,,9232.0,7,0.25
2417853881,19504,10.1093/IJE/DYW028,Journal,Cohort Profile: The Tasmanian Longitudinal Health STUDY (TAHS),,2016,6/6/16,6/6/16,Oxford University Press,13389975.0,,,46.0,2.0,407,,22,27,27,International Journal of Epidemiology,,,,6/24/16,1.0,,,7.0,2017217136.0,353392.0,15153,2017217136.0,353392.0,female,6124.0,34,0.2666666666666667
2141164440,19481,10.1093/IJE/DYV036,Journal,Cohort Profile: The Interdisciplinary Study of Inequalities in Smoking (ISIS),,2017,4/1/17,5/6/15,Oxford University Press,13389975.0,,,46.0,2.0,1,14,49,26,26,International Journal of Epidemiology,,,,6/24/16,1.0,CAN,North America,5.0,1974798559.0,85367.0,3649,1974798559.0,85367.0,female,6550.0,15,0.6153846153846154
2074319186,19965,10.1093/IJE/DYV016,Journal,Cohort Profile: The Mexican American Mano a Mano Cohort,,2017,4/1/17,3/8/15,Oxford University Press,13389975.0,,,46.0,2.0,,,27,26,26,International Journal of Epidemiology,,,,6/24/16,1.0,USA,North America,6.0,2940803587.0,41317.0,1877,2940803587.0,41317.0,,6500.0,12,0.625
1766904294,19785,10.1093/IJE/DYV173,Journal,Cohort Profile: The UK Women’s Cohort Study (UKWCS),,2017,4/1/17,10/1/15,Oxford University Press,13389975.0,,,46.0,2.0,,,42,26,26,International Journal of Epidemiology,,,,6/24/16,1.0,GBR,Europe & Central Asia,6.0,2116521807.0,415337.0,13022,2116521807.0,415337.0,female,6763.0,8,0.75
2740481656,19532,10.1093/IJE/DYX132,Journal,Cohort Profile: The Oxford Biobank.,,2018,2/1/18,7/31/17,Oxford Academic,13389975.0,,,47.0,1.0,21,,48,25,25,International Journal of Epidemiology,,,,8/8/17,1.0,GBR,Europe & Central Asia,8.0,314798058.0,76727.0,1073,314798058.0,76727.0,male,5465.0,13,0.2222222222222222
2760734925,19594,10.1136/BMJOPEN-2017-016606,Journal,Cohort profile: The Swedish National Register of Urinary Bladder Cancer (SNRUBC) and the Bladder Cancer Data Base Sweden (BladderBaSe),,2017,9/1/17,9/27/17,British Medical Journal Publishing Group,79054089.0,,,7.0,9.0,,,20,25,25,BMJ Open,,,,10/6/17,1.0,GBR,Europe & Central Asia,4.0,2042411640.0,85254.0,1713,2042411640.0,85254.0,female,7247.0,12,0.18181818181818177
2796143133,19348,10.1093/IJE/DYY044,Journal,Cohort Profile: The Haematological Malignancy Research Network (HMRN): a UK population-based patient cohort.,,2018,6/1/18,4/2/18,Oxford University Press (OUP),13389975.0,,,47.0,3.0,,,46,24,24,International Journal of Epidemiology,,,,4/13/18,1.0,GBR,Europe & Central Asia,7.0,2461321731.0,414049.0,13391,2461321731.0,414049.0,female,7374.0,13,0.4545454545454546
2584203780,19251,10.1136/BMJOPEN-2016-013351,Journal,Cohort profile: the Scottish Research register SHARE. A register of people interested in research participation linked to NHS data sets.,,2017,2/1/17,2/1/17,BMJ Publishing Group,79054089.0,,,7.0,2.0,1,8,12,24,24,BMJ Open,,,,2/10/17,1.0,GBR,Europe & Central Asia,5.0,2560004773.0,89908.0,545,2560004773.0,89908.0,male,7366.0,10,0.5
2122354449,19838,10.1093/IJE/DYU046,Journal,Cohort Profile: HAART Observational Medical Evaluation and Research (HOMER) Cohort,,2015,2/1/15,3/17/14,Oxford University Press,13389975.0,,,44.0,1.0,58,67,43,24,24,International Journal of Epidemiology,,,,6/24/16,1.0,CAN,North America,6.0,2092951768.0,50568.0,391,2092951768.0,50568.0,male,7305.0,14,0.5384615384615385
2134241661,19994,10.1093/IJE/DYT025,Journal,Cohort Profile: The Gubbio Population Study,,2014,6/1/14,3/29/13,Oxford University Press,13389975.0,,,43.0,3.0,713,720,41,23,23,International Journal of Epidemiology,,,,6/24/16,1.0,ITA,Europe & Central Asia,6.0,2609800051.0,1306958.0,51555,2609800051.0,1306958.0,male,8340.0,6,0.0
2122957563,20128,10.1093/IJE/DYQ252,Journal,"Cohort Profile: The KPSC Children’s Health Study, a population-based study of 920 000 children and adolescents in southern California",,2012,6/1/12,1/20/11,Oxford University Press,13389975.0,,,41.0,3.0,627,633,13,23,23,International Journal of Epidemiology,,,,6/24/16,1.0,USA,North America,7.0,2627643682.0,249492.0,6624,2627643682.0,249492.0,female,7729.0,7,0.7142857142857143
2768967976,20361,10.1093/IJE/DYX231,Journal,Cohort Profile: The Yazd Health Study (YaHS): a population-based study of adults aged 20-70 years (study design and baseline population data).,,2018,6/1/18,11/24/17,Oxford Academic,13389975.0,,,47.0,3.0,,,36,22,58,International Journal of Epidemiology,,,,12/4/17,1.0,IRN,Middle East & North Africa,5.0,2098305748.0,2657.0,159,2098305748.0,2657.0,male,7912.0,4,0.0
2339361627,19570,10.1093/IJE/DYW011,Journal,Cohort Profile: Melbourne Atopy Cohort study (MACS),,2016,4/20/16,4/20/16,Oxford University Press,13389975.0,,,46.0,1.0,25,26,28,22,22,International Journal of Epidemiology,,,,6/24/16,1.0,AUS,East Asia & Pacific,3.0,2017217136.0,353392.0,15153,2017217136.0,353392.0,female,6124.0,25,0.5833333333333333
2585115466,19950,10.1093/IJE/DYW333,Journal,Cohort Profile: The AMORIS cohort.,,2017,8/1/17,2/2/17,Int J Epidemiol,13389975.0,,,46.0,4.0,,,42,21,21,International Journal of Epidemiology,,,,2/10/17,1.0,GBR,Europe & Central Asia,8.0,2303758103.0,415460.0,9007,2303758103.0,415460.0,male,6243.0,7,0.1428571428571429
2115192005,20583,10.1111/JCPE.12263,Journal,"The periodontal health component of the Renal Impairment In Secondary Care (RIISC) cohort study: a description of the rationale, methodology and initial baseline results",,2014,7/1/14,5/14/14,Wiley,61859066.0,,,41.0,7.0,653,661,35,20,20,Journal of Clinical Periodontology,,,,6/24/16,1.0,GBR,Europe & Central Asia,4.0,2623520422.0,9279.0,793,2623520422.0,9279.0,male,6412.0,11,0.11111111111111116
2341308216,19295,10.1093/IJE/DYW030,Journal,Cohort Profile: The ONtario Population Health and Environment Cohort (ONPHEC).,,2016,4/20/16,4/20/16,Oxford University Press,13389975.0,,,46.0,2.0,,,56,20,20,International Journal of Epidemiology,,,,6/24/16,1.0,CAN,North America,6.0,2617305947.0,93884.0,4088,2617305947.0,93884.0,,5409.0,16,0.06666666666666676
2030061177,20541,10.1371/JOURNAL.PONE.0122598,Journal,"The Harbin Cohort Study on Diet, Nutrition and Chronic Non-communicable Diseases: study design and baseline characteristics.",,2015,4/9/15,4/9/15,Public Library of Science,202381698.0,,,10.0,4.0,,,39,19,19,PLOS ONE,,,,6/24/16,1.0,CHN,East Asia & Pacific,5.0,2155679603.0,69611.0,4045,2155679603.0,69611.0,male,8932.0,10,0.5
2339582246,20524,10.1093/IJE/DYW013,Journal,Cohort Profile: The Wenchuan Earthquake Adolescent Health Cohort Study,,2016,4/4/16,4/4/16,Oxford University Press,13389975.0,,,46.0,1.0,27,28,27,19,19,International Journal of Epidemiology,,,,6/24/16,1.0,USA,North America,3.0,2257541425.0,12763.0,1006,2257541425.0,12763.0,,8918.0,7,0.0
2031669922,20351,10.1016/J.ANNEPIDEM.2011.02.001,Journal,The Air Force health study: an epidemiologic retrospective.,,2011,9/1/11,3/26/11,Elsevier,40844199.0,,,21.0,9.0,673,687,39,18,18,Annals of Epidemiology,,,,6/24/16,1.0,USA,North America,3.0,2169291424.0,1625.0,88,2169291424.0,1625.0,male,9170.0,4,0.5
2129336063,20331,10.1136/BMJOPEN-2014-004915,Journal,Longitudinal cohort survey of women's smoking behaviour and attitudes in pregnancy: study methods and baseline data,,2014,5/14/14,5/14/14,BMJ Publishing Group,79054089.0,,,4.0,5.0,,,65,18,18,BMJ Open,,,,6/24/16,1.0,GBR,Europe & Central Asia,6.0,2121871318.0,1535.0,275,2121871318.0,1535.0,female,6585.0,13,0.5833333333333333
2297203289,19443,10.1093/IJE/DYV370,Journal,Cohort Profile: The Flu Watch Study,,2016,3/3/16,3/3/16,Oxford University Press,13389975.0,,,46.0,2.0,,,20,18,18,International Journal of Epidemiology,,,,6/24/16,1.0,GBR,Europe & Central Asia,4.0,2163335789.0,189640.0,7144,2163335789.0,189640.0,male,5726.0,23,0.6818181818181819
2399235652,20091,10.1093/IJE/DYW057,Journal,"Cohort Profile: The Khayelitsha antiretroviral programme, Cape Town, South Africa.",,2016,5/20/16,5/20/16,Oxford University Press,13389975.0,,,46.0,2.0,,,36,18,18,International Journal of Epidemiology,,,,6/24/16,1.0,ZAF,Sub-Saharan Africa,6.0,712846850.0,329925.0,10875,712846850.0,329925.0,male,7160.0,17,0.5882352941176471
2616221186,19787,10.1186/S13011-017-0107-4,Journal,"Cohort profile: seek, test, treat and retain United States criminal justice cohort.",,2017,5/16/17,5/16/17,BioMed Central,124015537.0,,,12.0,1.0,24,24,22,18,18,Substance Abuse Treatment Prevention and Policy,,,,5/26/17,1.0,USA,North America,4.0,2129575792.0,17614.0,976,2129575792.0,17614.0,female,9145.0,27,0.5
2588258474,20266,10.1093/IJE/DYW256,Journal,Cohort Profile: Alberta's Tomorrow Project.,,2017,8/1/17,12/21/16,Int J Epidemiol,13389975.0,,,46.0,4.0,1097,,34,18,18,International Journal of Epidemiology,,,,2/24/17,1.0,,,3.0,2101303033.0,405170.0,11960,2101303033.0,405170.0,male,6300.0,6,0.4
2167953394,20414,10.1093/IJE/DYT065,Journal,Cohort Profile: The Study of Respiratory Pathogens in Andean Children,,2014,8/1/14,6/14/13,Oxford University Press,13389975.0,,,43.0,4.0,1021,1030,39,18,18,International Journal of Epidemiology,,,,6/24/16,1.0,CHE,Europe & Central Asia,10.0,2133377570.0,306452.0,12266,2133377570.0,306452.0,male,7941.0,10,0.4444444444444444
2607217343,19538,10.1136/BMJOPEN-2016-015627,Journal,"Cohort profile: a data linkage cohort to examine health service profiles of people with intellectual disability in New South Wales, Australia",,2017,4/1/17,4/12/17,British Medical Journal Publishing Group,79054089.0,,,7.0,4.0,1,10,21,17,17,BMJ Open,,,,4/28/17,1.0,AUS,East Asia & Pacific,5.0,299459042.0,113057.0,5297,299459042.0,113057.0,,6474.0,14,0.5384615384615385
2415814533,22465,10.5694/J.1326-5377.1988.TB117834.X,Journal,The Western Sydney Health Study: results of the shopping-centre survey.,,1988,3/21/88,3/1/88,Med J Aust,13978405.0,,,148.0,6.0,277,280,3,16,16,The Medical Journal of Australia,,,,6/24/16,1.0,AUS,East Asia & Pacific,3.0,2134914791.0,1166646.0,31019,2134914791.0,1166646.0,male,6159.0,5,0.19999999999999996
2806883476,19795,10.1136/BMJOPEN-2018-021597,Journal,Cohort profile: the Geoscience and Health Cohort Consortium (GECCO) in the Netherlands,,2018,6/9/18,6/9/18,BMJ Publishing Group,79054089.0,,,8.0,6.0,1,14,29,16,16,BMJ Open,,,,6/13/18,1.0,USA,North America,5.0,2197599564.0,2262.0,418,2197599564.0,2262.0,male,8012.0,16,0.46153846153846156
2785066616,20069,10.4414/SMW.2017.14485,Journal,Cohort profile: The Kilombero and Ulanga Antiretroviral Cohort (KIULARCO) - A prospective HIV cohort in rural Tanzania.,,2017,7/4/17,7/4/17,EMH Schweizerischer Ärzteverlag,125446444.0,,,147.0,2728.0,,,0,16,16,Swiss Medical Weekly,,,,2/2/18,1.0,CHE,Europe & Central Asia,5.0,1995122617.0,23365.0,1260,1995122617.0,23365.0,male,6717.0,19,0.4444444444444444
2890016426,20660,10.5334/OJB.47,Journal,The Northern Ireland Biobank: A Cancer Focused Repository of Science,,2018,9/11/18,9/26/18,Ubiquity Press,2737651397.0,,,5.0,,9,,4,15,15,Open Journal of Bioresources,,,,9/27/18,1.0,,,4.0,2770259782.0,634.0,126,2770259782.0,634.0,female,7448.0,9,0.75
2468772725,20425,10.1093/IJE/DYV350,Journal,Cohort Profile: The Birmingham Chronic Obstructive Pulmonary Disease (COPD) Cohort Study.,,2016,7/4/16,7/4/16,Oxford University Press,13389975.0,,,46.0,1.0,23,23,57,15,15,International Journal of Epidemiology,,,,7/22/16,1.0,GBR,Europe & Central Asia,7.0,2071175262.0,19286.0,1285,2071175262.0,19286.0,male,6412.0,20,0.5625
2600203017,19938,10.1093/IJE/DYW331,Journal,Cohort Profile: The Healthy Aging Longitudinal Study in Taiwan (HALST).,,2017,8/1/17,2/27/17,Oxford University Press,13389975.0,,,46.0,4.0,1106,,29,15,15,International Journal of Epidemiology,,,,4/7/17,1.0,TWN,,4.0,1957794676.0,323837.0,9893,1957794676.0,323837.0,male,9514.0,19,0.5
2070300927,20666,10.1007/S11325-011-0491-3,Journal,Cohort profile: the Western Australian Sleep Health Study,,2012,3/1/12,2/12/11,Springer-Verlag,169018744.0,,,16.0,1.0,205,215,30,15,15,Sleep and Breathing,,,,6/24/16,1.0,CAN,North America,5.0,2116748071.0,285784.0,8074,2116748071.0,285784.0,,7950.0,12,0.4285714285714286
2521437350,19235,10.1093/IJE/DYW193,Journal,Cohort Profile: The Swedish National March Cohort,,2016,9/20/16,9/20/16,Oxford University Press,13389975.0,,,46.0,3.0,795,,40,15,15,International Journal of Epidemiology,,,,9/30/16,1.0,SWE,Europe & Central Asia,2.0,215631716.0,97909.0,3019,215631716.0,97909.0,female,6243.0,12,0.5833333333333333
2625885630,19760,10.1101/149369,Repository,The Healthy Brain Network Biobank: An open resource for transdiagnostic research in pediatric mental health and learning disorders,,2017,6/13/17,,Cold Spring Harbor Laboratory,2734324842.0,,,,,149369,,55,14,14,bioRxiv,,,,6/23/17,1.0,USA,North America,6.0,1936410844.0,2209615.0,47331,1936410844.0,2209615.0,male,11241.0,58,0.6938775510204083
2772568186,20166,10.1093/IJE/DYX227,Journal,Cohort Profile: The Hoorn Studies,,2018,4/1/18,12/13/17,Oxford University Press,13389975.0,,,47.0,2.0,,,32,14,14,International Journal of Epidemiology,,,,12/22/17,1.0,NLD,Europe & Central Asia,4.0,2709761534.0,16632.0,1069,2709761534.0,16632.0,female,9441.0,9,0.7777777777777778
2753296206,20714,10.1136/BMJOPEN-2017-016794,Journal,"Cohort profile: maternal lifestyle and diet in relation to pregnancy, postpartum and infant health outcomes in Vietnam: A multicentre prospective cohort study.",,2017,9/1/17,9/5/17,British Medical Journal Publishing Group,79054089.0,,,7.0,9.0,,,29,14,14,BMJ Open,,,,9/15/17,1.0,AUS,East Asia & Pacific,5.0,2751689678.0,734.0,148,2751689678.0,734.0,male,7790.0,10,0.19999999999999996
2773078663,19798,10.1093/IJE/DYX240,Journal,Cohort Profile: Rationale and design of the fourth visit of the STANISLAS cohort: a familial longitudinal population-based cohort from the Nancy region of France,,2018,4/1/18,12/6/17,Oxford Academic,13389975.0,,,47.0,2.0,,,31,14,14,International Journal of Epidemiology,,,,12/22/17,1.0,FRA,Europe & Central Asia,5.0,2170491634.0,3687868.0,81165,2170491634.0,3687868.0,male,8642.0,14,0.41666666666666663
2606755155,19920,10.1186/S12879-017-2332-X,Journal,"The PICASSO Cohort: baseline characteristics of a cohort of men who have sex with men and male-to-female transgender women at high risk for syphilis infection in Lima, Peru",,2017,4/11/17,4/11/17,BioMed Central,171015910.0,,,17.0,1.0,255,255,17,13,13,BMC Infectious Diseases,,,,4/28/17,1.0,USA,North America,5.0,2432222459.0,6017.0,524,2432222459.0,6017.0,male,5261.0,12,0.4
2108258753,21272,10.1093/IJE/DYI125,Journal,Cohort Profile: The Boyd Orr lifegrid sub-sample—medical sociology study of life course influences on early old age,,2005,8/1/05,6/17/05,Oxford University Press,13389975.0,,,34.0,4.0,750,754,24,13,13,International Journal of Epidemiology,,,,6/24/16,1.0,GBR,Europe & Central Asia,2.0,2057494954.0,488029.0,10592,2057494954.0,488029.0,male,5726.0,1,0.0
2101857611,20723,10.1093/IJE/DYU084,Journal,Cohort Profile: The Japanese Population-based Osteoporosis (JPOS) Cohort Study,,2015,4/1/15,5/28/14,Oxford University Press,13389975.0,,,44.0,2.0,405,414,39,13,13,International Journal of Epidemiology,,,,6/24/16,1.0,JPN,East Asia & Pacific,3.0,722040865.0,74254.0,3237,722040865.0,74254.0,male,8368.0,15,0.3076923076923077
2597227715,20254,10.5694/MJA16.01282,Journal,The Australian Lupus Registry and Biobank: a timely initiative.,,2017,3/20/17,3/20/17,"John Wiley & Sons, Ltd",13978405.0,,,206.0,5.0,194,195,12,12,12,The Medical Journal of Australia,,,,3/23/17,1.0,AUS,East Asia & Pacific,4.0,2106320322.0,15170.0,1018,2106320322.0,15170.0,male,10002.0,3,0.33333333333333337
2126214371,20745,10.1186/1476-069X-11-39,Journal,The upper midwest health study: a case–control study of pesticide applicators and risk of glioma,,2012,6/12/12,6/12/12,BioMed Central,191320764.0,,,11.0,1.0,39,39,124,12,12,Environmental Health,,,,6/24/16,1.0,,,4.0,1248696126.0,14448.0,735,1248696126.0,14448.0,male,8875.0,13,0.41666666666666663
2317650917,20482,10.1136/OEMED-2011-100588,Journal,The Upper Midwest Health Study: gliomas and occupational exposure to chlorinated solvents,,2013,2/1/13,10/26/12,NIH Public Access,159252376.0,,,70.0,2.0,73,80,39,12,12,Occupational and Environmental Medicine,,,,6/24/16,1.0,USA,North America,5.0,1848404292.0,11305.0,180,1848404292.0,11305.0,,8875.0,14,0.46153846153846156
2474983714,20492,,Journal,"The Measuring Your Health Study: Leveraging Community-Based Cancer Registry Recruitment to Establish a Large, Diverse Cohort of Cancer Survivors for Analyses of Measurement Equivalence and Validity of the Patient Reported Outcomes Measurement Information System® (PROMIS®) Short Form Items",,2016,5/31/16,,PABST Science Publishers,2764754325.0,,,58.0,1.0,99,,0,12,12,Psychological test and assessment modeling,,,,7/22/16,1.0,USA,North America,5.0,2171248830.0,29380.0,1699,2171248830.0,29380.0,female,7362.0,8,0.8571428571428572
2127693830,19992,10.1093/IJE/DYS035,Journal,Cohort Profile: Longitudinal Investigations into Supportive and Ancillary health services,,2013,8/1/13,3/29/12,Oxford University Press,13389975.0,,,42.0,4.0,947,955,32,12,12,International Journal of Epidemiology,,,,6/24/16,1.0,,,2.0,2092951768.0,1395632.0,41639,2092951768.0,1395632.0,male,7305.0,11,0.75
2147374053,19674,10.1093/IJE/DYU076,Journal,Cohort Profile: The Panel Study of Income Dynamics' Child Development Supplement and Transition into Adulthood Study,,2015,4/1/15,4/4/14,Oxford University Press,13389975.0,,,44.0,2.0,415,422,18,12,12,International Journal of Epidemiology,,,,6/24/16,1.0,USA,North America,4.0,2047231934.0,1456374.0,19270,2047231934.0,1456374.0,female,5119.0,2,0.5
2095809840,20707,10.1093/IJE/DYT091,Journal,"Cohort Profile: The Limache, Chile, birth cohort study",,2014,8/1/14,12/23/13,Oxford University Press,13389975.0,,,43.0,4.0,1031,1039,33,12,12,International Journal of Epidemiology,,,,6/24/16,1.0,GBR,Europe & Central Asia,4.0,3088888457.0,57.0,12,3088888457.0,57.0,,,4,0.5
3128911814,20915,,,The PFAS health study: systematic literature review,,2018,5/1/18,,Australian National University,,,,,,,,0,11,11,,,,,2/15/21,1.0,AUS,East Asia & Pacific,3.0,2105823307.0,204811.0,9382,2105823307.0,204811.0,male,6589.0,11,0.6
2810887398,19595,10.2337/DC18-0240,Journal,Baseline Characteristics of the Vitamin D and Type 2 Diabetes (D2d) Study: A Contemporary Prediabetes Cohort That Will Inform Diabetes Prevention Efforts,,2018,8/1/18,6/25/18,American Diabetes Association Inc.,49878492.0,,,41.0,8.0,1590,1599,34,11,11,Diabetes Care,,,,7/10/18,1.0,USA,North America,5.0,2232903518.0,77997.0,2775,2232903518.0,77997.0,female,7729.0,28,0.56
2768555193,19925,10.1093/IJE/DYX226,Journal,Cohort Profile: The Korean Cancer Prevention Study-II (KCPS-II) Biobank,,2018,4/1/18,11/23/17,Oxford Academic,13389975.0,,,47.0,2.0,385,,16,11,11,International Journal of Epidemiology,,,,12/4/17,1.0,GBR,Europe & Central Asia,4.0,1998659188.0,982261.0,28979,1998659188.0,982261.0,,7072.0,11,0.4
2795140610,19838,10.1093/IJE/DYY046,Journal,Cohort Profile: The Pregnancy and Neonatal Diabetes Outcomes in Remote Australia (PANDORA) Study,,2018,8/1/18,3/29/18,Oxford University Press,13389975.0,,,47.0,4.0,1045,,33,11,11,International Journal of Epidemiology,,,,4/6/18,1.0,AUS,East Asia & Pacific,3.0,795534109.0,16824.0,1280,795534109.0,16824.0,female,9651.0,37,0.7428571428571429
2111700980,20159,10.15171/MIDDLE,Journal,Cohort Profile: Golestan Hepatitis B Cohort Study-A Prospective Long Term Study in Northern Iran,,2014,9/21/14,,Iranian Society of Gastroenterology and Hepatology,2764348800.0,,,6.0,4.0,186,194,28,11,11,Middle East Journal of Digestive Diseases,,,,6/24/16,1.0,IRN,Middle East & North Africa,4.0,1631637737.0,2669462.0,105775,1631637737.0,2669462.0,male,7912.0,13,0.23076923076923073
2297774418,21025,10.1136/BMJOPEN-2015-008555,Journal,Cohort profile: the Spanish WORKing life Social Security (WORKss) cohort study.,,2016,3/1/16,3/7/16,BMJ Publishing Group,79054089.0,,,6.0,3.0,,,27,11,11,BMJ Open,,,,6/24/16,1.0,ESP,Europe & Central Asia,2.0,2762011978.0,122.0,33,2762011978.0,122.0,female,8252.0,6,0.33333333333333337
2473389030,20302,10.1159/000447347,Journal,The Sangre Por Salud Biobank: Facilitating Genetic Research in an Underrepresented Latino Community.,,2016,7/5/16,7/5/16,S. Karger AG,157450843.0,,,19.0,4.0,229,238,21,10,10,Public Health Genomics,,,,7/22/16,1.0,USA,North America,2.0,263045503.0,99579.0,3356,263045503.0,99579.0,male,6644.0,15,0.4285714285714286
2123710228,20779,10.1002/AJIM.22085,Journal,The Upper Midwest Health Study: industry and occupation of glioma cases and controls.,,2012,9/1/12,6/19/12,NIH Public Access,109435702.0,,,55.0,9.0,747,755,52,10,10,American Journal of Industrial Medicine,,,,6/24/16,1.0,,,2.0,1848404292.0,126851.0,3454,1848404292.0,126851.0,,8875.0,12,0.4545454545454546
2886183142,20061,10.1136/BMJOPEN-2018-021805,Journal,Cohort Profile: the Predictors of Breast Cancer Recurrence (ProBe CaRE) Premenopausal Breast Cancer Cohort Study in Denmark,,2018,7/1/18,8/1/18,BMJ Publishing Group,79054089.0,,,8.0,7.0,,,50,10,10,BMJ Open,,,,8/22/18,1.0,USA,North America,2.0,2103782398.0,3438.0,262,2103782398.0,3438.0,female,6263.0,11,0.125
2611704173,20898,10.1186/S12981-017-0154-Y,Journal,"COHORT PROFILE: The Complications of Long-Term Antiretroviral Therapy study in Uganda (CoLTART), a prospective clinical cohort.",,2017,5/4/17,5/4/17,BioMed Central,22960011.0,,,14.0,1.0,26,26,35,10,10,Aids Research and Therapy,,,,5/12/17,1.0,UGA,Sub-Saharan Africa,4.0,766771687.0,53550.0,1813,766771687.0,53550.0,male,10760.0,8,0.1428571428571429
2272190098,20031,10.1093/IJE/DYV120,Journal,Cohort Profile: The Jerusalem Perinatal Family Follow-Up Study,,2016,4/1/16,7/9/15,Oxford University Press,13389975.0,,,45.0,2.0,343,352,28,10,10,International Journal of Epidemiology,,,,6/24/16,1.0,ISR,Middle East & North Africa,2.0,153116113.0,28856.0,1218,153116113.0,28856.0,female,6597.0,12,0.625
2805557747,20343,10.4178/EPIH.E2018023,Journal,Korea HIV/AIDS Cohort Study: study design and baseline characteristics,,2018,6/6/18,6/6/18,Korean Society of Epidemiology,149504884.0,,,40.0,,1,8,22,9,9,Epidemiology and Health,,,,6/13/18,1.0,,,2.0,2889094568.0,23.0,16,2889094568.0,23.0,female,7072.0,18,0.125
2738943020,20139,10.1080/14397595.2017.1349593,Journal,Characteristics of functional impairment in patients with long-standing rheumatoid arthritis based on range of motion of joints: Baseline data from a multicenter prospective observational cohort study to evaluate the effectiveness of joint surgery in the treat-to-target era,,2018,5/4/18,7/25/17,Taylor & Francis,30446230.0,,,28.0,3.0,474,481,18,9,9,Modern Rheumatology,,,,7/31/17,1.0,JPN,East Asia & Pacific,2.0,2036830156.0,35862.0,1707,2036830156.0,35862.0,male,6626.0,15,0.07692307692307676
2602004360,20509,10.21037/JTD.2017.03.120,Journal,Characteristics and provision of care of patients with the acute respiratory distress syndrome: descriptive findings from the DACAPO cohort baseline and comparison with international findings.,,2017,3/1/17,3/21/17,AME Publishing Company,2754193772.0,,,9.0,3.0,818,830,0,9,9,Journal of Thoracic Disease,,,,4/7/17,1.0,DEU,Europe & Central Asia,3.0,2407081690.0,565.0,107,2407081690.0,565.0,male,8202.0,16,0.2666666666666667
2518163482,20526,10.1136/BMJOPEN-2016-012777,Journal,Cohort profile: cerebral palsy in the Norwegian and Danish birth cohorts (MOBAND-CP),,2016,9/1/16,9/2/16,British Medical Journal Publishing Group,79054089.0,,,6.0,9.0,,,28,9,9,BMJ Open,,,,9/16/16,1.0,GBR,Europe & Central Asia,4.0,2060903916.0,81704.0,4527,2060903916.0,81704.0,female,11226.0,11,0.5454545454545455
2101395233,19750,10.1093/IJE/DYU181,Journal,Cohort Profile: The National Academy of Sciences-National Research Council Twin Registry (NAS-NRC Twin Registry),,2015,6/1/15,9/1/14,Oxford University Press,13389975.0,,,44.0,3.0,819,825,31,9,9,International Journal of Epidemiology,,,,6/24/16,1.0,USA,North America,2.0,2250461607.0,865715.0,20294,2250461607.0,865715.0,female,5930.0,11,0.2727272727272727
2615679604,20346,10.1136/BMJOPEN-2016-014799,Journal,Cohort profile: internal migration in sub-Saharan Africa—The Migration and Health in Malawi (MHM) study,,2017,5/1/17,5/17/17,British Medical Journal Publishing Group,79054089.0,,,7.0,5.0,,,58,9,9,BMJ Open,,,,5/26/17,1.0,,,2.0,409745146.0,18023.0,1173,409745146.0,18023.0,male,7397.0,4,0.25
2170350039,20635,10.1093/IJE/DYT001,Journal,Cohort Profile: The Likoma Network Study (LNS),,2014,4/1/14,3/28/13,Oxford University Press,13389975.0,,,43.0,2.0,545,557,44,9,9,International Journal of Epidemiology,,,,6/24/16,1.0,,,3.0,153847603.0,33777.0,1482,153847603.0,33777.0,male,5276.0,4,0.25
2212952648,21426,,Journal,Assessment of baseline characteristics and risk factors among Emergency Department patients presenting with recent onset atrial fibrillation: a retrospective cohort study.,,2013,2/1/13,,Eur Rev Med Pharmacol Sci,109719883.0,,,,,22,27,35,8,8,European Review for Medical and Pharmacological Sciences,,,,6/24/16,1.0,ITA,Europe & Central Asia,1.0,2171972746.0,2836.0,49,2171972746.0,2836.0,male,6351.0,14,0.0
1980338196,20764,10.1186/1471-2334-12-135,Journal,"Population-based cohort study of outpatients with pneumonia: rationale, design and baseline characteristics",,2012,6/18/12,6/18/12,BioMed Central,171015910.0,,,12.0,1.0,135,135,30,8,8,BMC Infectious Diseases,,,,6/24/16,1.0,CAN,North America,4.0,2103743341.0,84145.0,2698,2103743341.0,84145.0,male,6300.0,3,0.0
2620178770,20644,10.1016/J.SJPAIN.2017.04.071,Journal,"The association between pain characteristics, pain catastrophizing and health care use : Baseline results from the SWEPAIN cohort",,2017,7/1/17,5/25/17,Elsevier,69617268.0,,,16.0,1.0,122,128,45,8,8,Scandinavian Journal of Pain,,,,6/5/17,1.0,SWE,Europe & Central Asia,3.0,2092058937.0,9342.0,641,2092058937.0,9342.0,female,6301.0,6,0.6666666666666667
2802769717,19838,10.1136/BMJOPEN-2017-020572,Journal,"Cohort profile: the Italian Network of Longitudinal Metropolitan Studies (IN-LiMeS), a multicentre cohort for socioeconomic inequalities in health monitoring",,2018,4/1/18,4/20/18,BMJ PUBLISHING GROUP,79054089.0,,,8.0,4.0,0,0,43,8,8,BMJ Open,,,,5/17/18,1.0,USA,North America,2.0,2119759294.0,21986.0,972,2119759294.0,21986.0,male,5074.0,20,0.6666666666666667
2151011713,20437,10.1017/THG.2015.17,Journal,Cohort Profile: Swedish Twin Study on Prediction and Prevention of Asthma (STOPPA).,,2015,4/22/15,4/22/15,Inst för medicinsk epidemiologi och biostatistik / Dept of Medical Epidemiology and Biostatistics,197285354.0,,,18.0,3.0,273,280,45,8,8,Twin Research and Human Genetics,,,,6/24/16,1.0,SWE,Europe & Central Asia,1.0,2215148299.0,286118.0,13953,2215148299.0,286118.0,female,7815.0,6,0.6666666666666667
2621941236,19949,10.1136/BMJOPEN-2017-016505,Journal,Cohort profile: the Nordic Antireflux Surgery Cohort (NordASCo),,2017,6/1/17,6/8/17,Inst för molekylär medicin och kirurgi / Dept of Molecular Medicine and Surgery,79054089.0,,,7.0,6.0,,,29,8,8,BMJ Open,2621941236.0,19380.0,,6/15/17,1.0,GBR,Europe & Central Asia,2.0,1284253269.0,2665.0,282,1284253269.0,2665.0,male,7815.0,12,0.4444444444444444
2791387595,20779,10.1007/S40865-017-0077-2,,"Cohort Profile: the Prison Project—a Study of Criminal Behavior and Life Circumstances Before, During, and After Imprisonment in the Netherlands",Journal of Developmental and Life-Course Criminology,2018,3/2/18,3/2/18,Springer International Publishing,,,,4.0,1.0,120,135,11,8,8,Journal of Developmental and Life-Course Criminology,,,,3/29/18,1.0,NLD,Europe & Central Asia,3.0,2075896400.0,38088.0,1927,2075896400.0,38088.0,female,6860.0,17,0.875
2793972479,20088,10.1093/IJE/DYY026,Journal,Cohort Profile: The PROspective Québec (PROQ) Study on Work and Health.,,2018,6/1/18,3/9/18,Int J Epidemiol,13389975.0,,,47.0,3.0,,,58,8,8,International Journal of Epidemiology,,,,3/29/18,1.0,CAN,North America,3.0,2344342206.0,9516.0,381,2344342206.0,9516.0,male,7148.0,25,0.55
2159342856,20645,10.1093/IJE/DYR033,Journal,Cohort Profile: The TASO-CAN Cohort Collaboration,,2012,8/1/12,3/7/11,Oxford University Press,13389975.0,,,41.0,4.0,946,950,9,6,6,International Journal of Epidemiology,,,,6/24/16,1.0,UGA,Sub-Saharan Africa,3.0,2120530206.0,1703743.0,59362,2120530206.0,1703743.0,male,6554.0,7,0.2857142857142857
2893103856,19253,10.1101/426163,Repository,"Cohort Profile: East London Genes & Health (ELGH), a community based population genomics and health study in people of British-Bangladeshi and -Pakistani heritage.",,2018,9/27/18,,Cold Spring Harbor Laboratory,2734324842.0,,,,,426163,,20,6,6,bioRxiv,2971216694.0,18380.0,,10/5/18,1.0,GBR,Europe & Central Asia,3.0,2022529622.0,529856.0,10754,2022529622.0,529856.0,male,6837.0,13,0.33333333333333337
2101476938,22271,10.1046/J.1464-410X.2001.02174.X,Journal,The Dutch cohort of sildenafil users: baseline characteristics.,,2001,5/1/01,1/12/02,"John Wiley & Sons, Ltd",191188855.0,,,87.0,7.0,648,653,20,5,5,BJUI,,,,6/24/16,1.0,NLD,Europe & Central Asia,1.0,2024761770.0,85378.0,3868,2024761770.0,85378.0,male,6320.0,6,0.19999999999999996
2794164541,20228,10.1053/J.SEMTCVS.2018.02.004,Journal,"The Congenital Heart Surgeon's Society Complete Atrioventricular Septal Defect Cohort: Baseline, Preintervention Echocardiographic Characteristics",,2018,2/8/18,2/8/18,Semin Thorac Cardiovasc Surg,164883225.0,,,31.0,1.0,80,86,10,5,5,Seminars in Thoracic and Cardiovascular Surgery,,,,3/29/18,1.0,CAN,North America,1.0,1815694512.0,17639.0,246,1815694512.0,17639.0,male,5409.0,12,0.2727272727272727
2146893539,20696,10.1016/J.IJCHV.2014.06.008,Journal,Regional variations in baseline characteristics of cardiac rhythm device recipients: The PANORAMA observational cohort study.,,2014,9/1/14,7/6/14,Elsevier,2898423621.0,,,4.0,,90,96,30,5,5,IJC Heart & Vessels,,,,6/24/16,1.0,USA,North America,1.0,2469171369.0,25648.0,508,2469171369.0,25648.0,male,9140.0,12,0.30000000000000004
2890554396,20526,10.1136/BMJOPEN-2018-023265,Journal,Cohort profile: thrombolysis in ischemic stroke patients (trisp): a multicentre research collaboration,,2018,9/17/18,9/17/18,BMJ Publishing Group,79054089.0,,,8.0,9.0,,,44,5,5,BMJ Open,,,,9/27/18,1.0,CHE,Europe & Central Asia,2.0,726811571.0,309374.0,11641,726811571.0,309374.0,male,7341.0,20,0.23529411764705888
2588710874,20507,10.1136/BMJOPEN-2016-013031,Journal,"Cohort profile: the Welsh Geriatric Registrar-Led Research Network (WeGeN): rationale, design and description",,2017,2/1/17,2/14/17,BMJ,79054089.0,,,7.0,2.0,,,12,4,4,BMJ Open,,,,2/24/17,1.0,GBR,Europe & Central Asia,2.0,2165825088.0,1187.0,31,2165825088.0,1187.0,male,6890.0,4,0.25
2800760945,21053,10.1136/BMJOPEN-2017-019709,Journal,"Cohort profile: China respiratory illness surveillance among pregnant women (CRISP), 2015–2018",,2018,4/1/18,4/28/18,BMJ Open,79054089.0,,,8.0,4.0,19709,,14,4,4,BMJ Open,,,,5/17/18,1.0,USA,North America,1.0,2710973309.0,484.0,66,2710973309.0,484.0,male,6424.0,13,0.4285714285714286
2605060808,20298,10.1186/S40900-017-0055-1,Journal,The consultation of rugby players in co-developing a player health study: feasibility and consequences of sports participants as research partners,,2017,5/4/17,5/4/17,BioMed Central,2739225236.0,,,3.0,1.0,8,8,32,3,3,Research Involvement and Engagement,,,,4/14/17,1.0,GBR,Europe & Central Asia,1.0,2125483167.0,376.0,95,2125483167.0,376.0,female,5465.0,11,0.30000000000000004
